-7,-3,zeXtmg6AOwuAinJrS9ku4umHbpw=,tFqDk4AkINsMo58YlSH/QlXT8dU=
-7,-7,zeXtmg6AOwuAinJrS9ku4umHbpw=,tFqDk4AkINsMo58YlSH/QlXT8dU=
-6,-7,zeXtmg6AOwuAinJrS9ku4umHbpw=,tFqDk4AkINsMo58YlSH/QlXT8dU=
-7,-4,zeXtmg6AOwuAinJrS9ku4umHbpw=,tFqDk4AkINsMo58YlSH/QlXT8dU=
-6,-2,zeXtmg6AOwuAinJrS9ku4umHbpw=,tFqDk4AkINsMo58YlSH/QlXT8dU=
-6,-4,zeXtmg6AOwuAinJrS9ku4umHbpw=,tFqDk4AkINsMo58YlSH/QlXT8dU=
-6,-6,zeXtmg6AOwuAinJrS9ku4umHbpw=,tFqDk4AkINsMo58YlSH/QlXT8dU=
-7,-2,zeXtmg6AOwuAinJrS9ku4umHbpw=,tFqDk4AkINsMo58YlSH/QlXT8dU=
-7,-6,zeXtmg6AOwuAinJrS9ku4umHbpw=,tFqDk4AkINsMo58YlSH/QlXT8dU=
-11,-2,zeXtmg6AOwuAinJrS9ku4umHbpw=,XdbwLGnu+TZ/MaEDL7GfRZVUZ8M=
-10,-3,zeXtmg6AOwuAinJrS9ku4umHbpw=,XdbwLGnu+TZ/MaEDL7GfRZVUZ8M=
-8,-2,zeXtmg6AOwuAinJrS9ku4umHbpw=,tFqDk4AkINsMo58YlSH/QlXT8dU=
-11,-3,zeXtmg6AOwuAinJrS9ku4umHbpw=,XdbwLGnu+TZ/MaEDL7GfRZVUZ8M=
-6,-5,zeXtmg6AOwuAinJrS9ku4umHbpw=,tFqDk4AkINsMo58YlSH/QlXT8dU=
-8,-3,zeXtmg6AOwuAinJrS9ku4umHbpw=,tFqDk4AkINsMo58YlSH/QlXT8dU=
-9,-2,zeXtmg6AOwuAinJrS9ku4umHbpw=,XdbwLGnu+TZ/MaEDL7GfRZVUZ8M=
-7,-5,zeXtmg6AOwuAinJrS9ku4umHbpw=,tFqDk4AkINsMo58YlSH/QlXT8dU=
-10,-2,zeXtmg6AOwuAinJrS9ku4umHbpw=,XdbwLGnu+TZ/MaEDL7GfRZVUZ8M=
-6,-3,zeXtmg6AOwuAinJrS9ku4umHbpw=,tFqDk4AkINsMo58YlSH/QlXT8dU=
-10,-6,zeXtmg6AOwuAinJrS9ku4umHbpw=,qVpYCWy3rbYEQYW13Z311bTgGLc=
-11,-6,zeXtmg6AOwuAinJrS9ku4umHbpw=,qVpYCWy3rbYEQYW13Z311bTgGLc=
-8,-5,zeXtmg6AOwuAinJrS9ku4umHbpw=,tFqDk4AkINsMo58YlSH/QlXT8dU=
-9,-7,zeXtmg6AOwuAinJrS9ku4umHbpw=,qVpYCWy3rbYEQYW13Z311bTgGLc=
-8,-6,zeXtmg6AOwuAinJrS9ku4umHbpw=,tFqDk4AkINsMo58YlSH/QlXT8dU=
-8,-4,zeXtmg6AOwuAinJrS9ku4umHbpw=,tFqDk4AkINsMo58YlSH/QlXT8dU=
-10,-5,zeXtmg6AOwuAinJrS9ku4umHbpw=,qVpYCWy3rbYEQYW13Z311bTgGLc=
-11,-4,zeXtmg6AOwuAinJrS9ku4umHbpw=,XdbwLGnu+TZ/MaEDL7GfRZVUZ8M=
-11,-5,zeXtmg6AOwuAinJrS9ku4umHbpw=,qVpYCWy3rbYEQYW13Z311bTgGLc=
-11,-7,zeXtmg6AOwuAinJrS9ku4umHbpw=,qVpYCWy3rbYEQYW13Z311bTgGLc=
-10,-4,zeXtmg6AOwuAinJrS9ku4umHbpw=,XdbwLGnu+TZ/MaEDL7GfRZVUZ8M=
-10,-7,zeXtmg6AOwuAinJrS9ku4umHbpw=,qVpYCWy3rbYEQYW13Z311bTgGLc=
-9,-6,zeXtmg6AOwuAinJrS9ku4umHbpw=,qVpYCWy3rbYEQYW13Z311bTgGLc=
-9,-3,zeXtmg6AOwuAinJrS9ku4umHbpw=,XdbwLGnu+TZ/MaEDL7GfRZVUZ8M=
-9,-4,zeXtmg6AOwuAinJrS9ku4umHbpw=,XdbwLGnu+TZ/MaEDL7GfRZVUZ8M=
-8,-7,zeXtmg6AOwuAinJrS9ku4umHbpw=,tFqDk4AkINsMo58YlSH/QlXT8dU=
-9,-5,zeXtmg6AOwuAinJrS9ku4umHbpw=,qVpYCWy3rbYEQYW13Z311bTgGLc=
-11,-10,Bg7k+yhMEMisZAHryVXZFcNlK9E=,R4V6WwbCIVUAoIVjw7XxRFu8lbI=
-11,-9,Bg7k+yhMEMisZAHryVXZFcNlK9E=,R4V6WwbCIVUAoIVjw7XxRFu8lbI=
-11,-8,Bg7k+yhMEMisZAHryVXZFcNlK9E=,qVpYCWy3rbYEQYW13Z311bTgGLc=
-10,-10,Bg7k+yhMEMisZAHryVXZFcNlK9E=,R4V6WwbCIVUAoIVjw7XxRFu8lbI=
-10,-9,Bg7k+yhMEMisZAHryVXZFcNlK9E=,R4V6WwbCIVUAoIVjw7XxRFu8lbI=
-13,-2,Bg7k+yhMEMisZAHryVXZFcNlK9E=,vQWMHngZnc2MiZ1AixK2Z/Z8xz4=
-11,-11,Bg7k+yhMEMisZAHryVXZFcNlK9E=,R4V6WwbCIVUAoIVjw7XxRFu8lbI=
-14,-2,Bg7k+yhMEMisZAHryVXZFcNlK9E=,vQWMHngZnc2MiZ1AixK2Z/Z8xz4=
-15,-2,Bg7k+yhMEMisZAHryVXZFcNlK9E=,vQWMHngZnc2MiZ1AixK2Z/Z8xz4=
-12,-2,Bg7k+yhMEMisZAHryVXZFcNlK9E=,XdbwLGnu+TZ/MaEDL7GfRZVUZ8M=
-15,-3,Bg7k+yhMEMisZAHryVXZFcNlK9E=,vQWMHngZnc2MiZ1AixK2Z/Z8xz4=
-13,-3,Bg7k+yhMEMisZAHryVXZFcNlK9E=,vQWMHngZnc2MiZ1AixK2Z/Z8xz4=
-12,-3,Bg7k+yhMEMisZAHryVXZFcNlK9E=,XdbwLGnu+TZ/MaEDL7GfRZVUZ8M=
-10,-11,Bg7k+yhMEMisZAHryVXZFcNlK9E=,R4V6WwbCIVUAoIVjw7XxRFu8lbI=
-14,-3,Bg7k+yhMEMisZAHryVXZFcNlK9E=,vQWMHngZnc2MiZ1AixK2Z/Z8xz4=
-15,-5,Bg7k+yhMEMisZAHryVXZFcNlK9E=,qVpYCWy3rbYEQYW13Z311bTgGLc=
-15,-7,Bg7k+yhMEMisZAHryVXZFcNlK9E=,qVpYCWy3rbYEQYW13Z311bTgGLc=
-12,-7,Bg7k+yhMEMisZAHryVXZFcNlK9E=,qVpYCWy3rbYEQYW13Z311bTgGLc=
-15,-4,Bg7k+yhMEMisZAHryVXZFcNlK9E=,vQWMHngZnc2MiZ1AixK2Z/Z8xz4=
-13,-5,Bg7k+yhMEMisZAHryVXZFcNlK9E=,qVpYCWy3rbYEQYW13Z311bTgGLc=
-14,-6,Bg7k+yhMEMisZAHryVXZFcNlK9E=,qVpYCWy3rbYEQYW13Z311bTgGLc=
-13,-7,Bg7k+yhMEMisZAHryVXZFcNlK9E=,qVpYCWy3rbYEQYW13Z311bTgGLc=
-14,-7,Bg7k+yhMEMisZAHryVXZFcNlK9E=,qVpYCWy3rbYEQYW13Z311bTgGLc=
-13,-4,Bg7k+yhMEMisZAHryVXZFcNlK9E=,vQWMHngZnc2MiZ1AixK2Z/Z8xz4=
-15,-9,Bg7k+yhMEMisZAHryVXZFcNlK9E=,R4V6WwbCIVUAoIVjw7XxRFu8lbI=
-15,-6,Bg7k+yhMEMisZAHryVXZFcNlK9E=,qVpYCWy3rbYEQYW13Z311bTgGLc=
-12,-10,Bg7k+yhMEMisZAHryVXZFcNlK9E=,R4V6WwbCIVUAoIVjw7XxRFu8lbI=
-15,-10,Bg7k+yhMEMisZAHryVXZFcNlK9E=,R4V6WwbCIVUAoIVjw7XxRFu8lbI=
-12,-4,Bg7k+yhMEMisZAHryVXZFcNlK9E=,XdbwLGnu+TZ/MaEDL7GfRZVUZ8M=
-13,-8,Bg7k+yhMEMisZAHryVXZFcNlK9E=,qVpYCWy3rbYEQYW13Z311bTgGLc=
-12,-5,Bg7k+yhMEMisZAHryVXZFcNlK9E=,qVpYCWy3rbYEQYW13Z311bTgGLc=
-14,-4,Bg7k+yhMEMisZAHryVXZFcNlK9E=,vQWMHngZnc2MiZ1AixK2Z/Z8xz4=
-14,-5,Bg7k+yhMEMisZAHryVXZFcNlK9E=,qVpYCWy3rbYEQYW13Z311bTgGLc=
-13,-9,Bg7k+yhMEMisZAHryVXZFcNlK9E=,R4V6WwbCIVUAoIVjw7XxRFu8lbI=
-12,-11,Bg7k+yhMEMisZAHryVXZFcNlK9E=,R4V6WwbCIVUAoIVjw7XxRFu8lbI=
-14,-8,Bg7k+yhMEMisZAHryVXZFcNlK9E=,qVpYCWy3rbYEQYW13Z311bTgGLc=
-13,-11,Bg7k+yhMEMisZAHryVXZFcNlK9E=,R4V6WwbCIVUAoIVjw7XxRFu8lbI=
-14,-10,Bg7k+yhMEMisZAHryVXZFcNlK9E=,R4V6WwbCIVUAoIVjw7XxRFu8lbI=
-15,-11,Bg7k+yhMEMisZAHryVXZFcNlK9E=,R4V6WwbCIVUAoIVjw7XxRFu8lbI=
-12,-8,Bg7k+yhMEMisZAHryVXZFcNlK9E=,qVpYCWy3rbYEQYW13Z311bTgGLc=
-14,-11,Bg7k+yhMEMisZAHryVXZFcNlK9E=,R4V6WwbCIVUAoIVjw7XxRFu8lbI=
-13,-10,Bg7k+yhMEMisZAHryVXZFcNlK9E=,R4V6WwbCIVUAoIVjw7XxRFu8lbI=
-12,-9,Bg7k+yhMEMisZAHryVXZFcNlK9E=,R4V6WwbCIVUAoIVjw7XxRFu8lbI=
-13,-6,Bg7k+yhMEMisZAHryVXZFcNlK9E=,qVpYCWy3rbYEQYW13Z311bTgGLc=
-12,-6,Bg7k+yhMEMisZAHryVXZFcNlK9E=,qVpYCWy3rbYEQYW13Z311bTgGLc=
-14,-9,Bg7k+yhMEMisZAHryVXZFcNlK9E=,R4V6WwbCIVUAoIVjw7XxRFu8lbI=
-15,-8,Bg7k+yhMEMisZAHryVXZFcNlK9E=,qVpYCWy3rbYEQYW13Z311bTgGLc=
-10,-8,Bg7k+yhMEMisZAHryVXZFcNlK9E=,qVpYCWy3rbYEQYW13Z311bTgGLc=
-2,-11,dXfJj/Dww0fHbBEznu98coM+YI8=,/XE9nMR3PAv7hCdUbNl7GVX4Kws=
-3,-11,dXfJj/Dww0fHbBEznu98coM+YI8=,/XE9nMR3PAv7hCdUbNl7GVX4Kws=
-3,-10,dXfJj/Dww0fHbBEznu98coM+YI8=,/XE9nMR3PAv7hCdUbNl7GVX4Kws=
-4,-10,dXfJj/Dww0fHbBEznu98coM+YI8=,/XE9nMR3PAv7hCdUbNl7GVX4Kws=
-5,-10,dXfJj/Dww0fHbBEznu98coM+YI8=,R4V6WwbCIVUAoIVjw7XxRFu8lbI=
-2,-10,dXfJj/Dww0fHbBEznu98coM+YI8=,/XE9nMR3PAv7hCdUbNl7GVX4Kws=
-9,-9,dXfJj/Dww0fHbBEznu98coM+YI8=,R4V6WwbCIVUAoIVjw7XxRFu8lbI=
-8,-11,dXfJj/Dww0fHbBEznu98coM+YI8=,R4V6WwbCIVUAoIVjw7XxRFu8lbI=
-6,-11,dXfJj/Dww0fHbBEznu98coM+YI8=,R4V6WwbCIVUAoIVjw7XxRFu8lbI=
-9,-10,dXfJj/Dww0fHbBEznu98coM+YI8=,R4V6WwbCIVUAoIVjw7XxRFu8lbI=
-8,-9,dXfJj/Dww0fHbBEznu98coM+YI8=,R4V6WwbCIVUAoIVjw7XxRFu8lbI=
-9,-8,dXfJj/Dww0fHbBEznu98coM+YI8=,qVpYCWy3rbYEQYW13Z311bTgGLc=
-7,-15,dXfJj/Dww0fHbBEznu98coM+YI8=,/XE9nMR3PAv7hCdUbNl7GVX4Kws=
-6,-10,dXfJj/Dww0fHbBEznu98coM+YI8=,R4V6WwbCIVUAoIVjw7XxRFu8lbI=
-7,-8,dXfJj/Dww0fHbBEznu98coM+YI8=,tFqDk4AkINsMo58YlSH/QlXT8dU=
-9,-11,dXfJj/Dww0fHbBEznu98coM+YI8=,R4V6WwbCIVUAoIVjw7XxRFu8lbI=
-8,-10,dXfJj/Dww0fHbBEznu98coM+YI8=,R4V6WwbCIVUAoIVjw7XxRFu8lbI=
-4,-11,dXfJj/Dww0fHbBEznu98coM+YI8=,/XE9nMR3PAv7hCdUbNl7GVX4Kws=
-7,-10,dXfJj/Dww0fHbBEznu98coM+YI8=,R4V6WwbCIVUAoIVjw7XxRFu8lbI=
-5,-11,dXfJj/Dww0fHbBEznu98coM+YI8=,R4V6WwbCIVUAoIVjw7XxRFu8lbI=
-7,-11,dXfJj/Dww0fHbBEznu98coM+YI8=,R4V6WwbCIVUAoIVjw7XxRFu8lbI=
-6,-8,dXfJj/Dww0fHbBEznu98coM+YI8=,tFqDk4AkINsMo58YlSH/QlXT8dU=
-8,-8,dXfJj/Dww0fHbBEznu98coM+YI8=,tFqDk4AkINsMo58YlSH/QlXT8dU=
-6,-9,dXfJj/Dww0fHbBEznu98coM+YI8=,R4V6WwbCIVUAoIVjw7XxRFu8lbI=
-7,-9,dXfJj/Dww0fHbBEznu98coM+YI8=,R4V6WwbCIVUAoIVjw7XxRFu8lbI=
-7,-14,dXfJj/Dww0fHbBEznu98coM+YI8=,/XE9nMR3PAv7hCdUbNl7GVX4Kws=
-6,-13,dXfJj/Dww0fHbBEznu98coM+YI8=,/XE9nMR3PAv7hCdUbNl7GVX4Kws=
-3,-12,dXfJj/Dww0fHbBEznu98coM+YI8=,/XE9nMR3PAv7hCdUbNl7GVX4Kws=
-4,-15,dXfJj/Dww0fHbBEznu98coM+YI8=,V0qzWS/Ws9Lz44zpj/c5loU4Vxo=
-7,-12,dXfJj/Dww0fHbBEznu98coM+YI8=,R4V6WwbCIVUAoIVjw7XxRFu8lbI=
-6,-12,dXfJj/Dww0fHbBEznu98coM+YI8=,R4V6WwbCIVUAoIVjw7XxRFu8lbI=
-7,-13,dXfJj/Dww0fHbBEznu98coM+YI8=,/XE9nMR3PAv7hCdUbNl7GVX4Kws=
-6,-14,dXfJj/Dww0fHbBEznu98coM+YI8=,/XE9nMR3PAv7hCdUbNl7GVX4Kws=
-4,-13,dXfJj/Dww0fHbBEznu98coM+YI8=,V0qzWS/Ws9Lz44zpj/c5loU4Vxo=
-5,-13,dXfJj/Dww0fHbBEznu98coM+YI8=,/XE9nMR3PAv7hCdUbNl7GVX4Kws=
-2,-12,dXfJj/Dww0fHbBEznu98coM+YI8=,/XE9nMR3PAv7hCdUbNl7GVX4Kws=
-6,-15,dXfJj/Dww0fHbBEznu98coM+YI8=,/XE9nMR3PAv7hCdUbNl7GVX4Kws=
-4,-12,dXfJj/Dww0fHbBEznu98coM+YI8=,/XE9nMR3PAv7hCdUbNl7GVX4Kws=
-4,-14,dXfJj/Dww0fHbBEznu98coM+YI8=,V0qzWS/Ws9Lz44zpj/c5loU4Vxo=
-2,-15,dXfJj/Dww0fHbBEznu98coM+YI8=,V0qzWS/Ws9Lz44zpj/c5loU4Vxo=
-3,-13,dXfJj/Dww0fHbBEznu98coM+YI8=,V0qzWS/Ws9Lz44zpj/c5loU4Vxo=
-2,-13,dXfJj/Dww0fHbBEznu98coM+YI8=,V0qzWS/Ws9Lz44zpj/c5loU4Vxo=
-5,-12,dXfJj/Dww0fHbBEznu98coM+YI8=,R4V6WwbCIVUAoIVjw7XxRFu8lbI=
-3,-15,dXfJj/Dww0fHbBEznu98coM+YI8=,V0qzWS/Ws9Lz44zpj/c5loU4Vxo=
-3,-14,dXfJj/Dww0fHbBEznu98coM+YI8=,V0qzWS/Ws9Lz44zpj/c5loU4Vxo=
-5,-15,dXfJj/Dww0fHbBEznu98coM+YI8=,/XE9nMR3PAv7hCdUbNl7GVX4Kws=
-5,-14,dXfJj/Dww0fHbBEznu98coM+YI8=,/XE9nMR3PAv7hCdUbNl7GVX4Kws=
-2,-14,dXfJj/Dww0fHbBEznu98coM+YI8=,V0qzWS/Ws9Lz44zpj/c5loU4Vxo=
-7,-16,htN0YqmtejJ2W3PG/3pBzp2o1KE=,/XE9nMR3PAv7hCdUbNl7GVX4Kws=
-6,-16,c+FLDrpmwBA8SfU61FJZ1D6M7xc=,/XE9nMR3PAv7hCdUbNl7GVX4Kws=
-3,-16,c+FLDrpmwBA8SfU61FJZ1D6M7xc=,V0qzWS/Ws9Lz44zpj/c5loU4Vxo=
-5,-16,c+FLDrpmwBA8SfU61FJZ1D6M7xc=,/XE9nMR3PAv7hCdUbNl7GVX4Kws=
-2,-16,c+FLDrpmwBA8SfU61FJZ1D6M7xc=,V0qzWS/Ws9Lz44zpj/c5loU4Vxo=
-8,-15,c+FLDrpmwBA8SfU61FJZ1D6M7xc=,/XE9nMR3PAv7hCdUbNl7GVX4Kws=
-10,-14,c+FLDrpmwBA8SfU61FJZ1D6M7xc=,/XE9nMR3PAv7hCdUbNl7GVX4Kws=
-9,-14,c+FLDrpmwBA8SfU61FJZ1D6M7xc=,/XE9nMR3PAv7hCdUbNl7GVX4Kws=
-11,-14,c+FLDrpmwBA8SfU61FJZ1D6M7xc=,/XE9nMR3PAv7hCdUbNl7GVX4Kws=
-11,-16,c+FLDrpmwBA8SfU61FJZ1D6M7xc=,/XE9nMR3PAv7hCdUbNl7GVX4Kws=
-11,-15,c+FLDrpmwBA8SfU61FJZ1D6M7xc=,/XE9nMR3PAv7hCdUbNl7GVX4Kws=
-10,-16,c+FLDrpmwBA8SfU61FJZ1D6M7xc=,/XE9nMR3PAv7hCdUbNl7GVX4Kws=
-8,-12,c+FLDrpmwBA8SfU61FJZ1D6M7xc=,R4V6WwbCIVUAoIVjw7XxRFu8lbI=
-9,-13,c+FLDrpmwBA8SfU61FJZ1D6M7xc=,/XE9nMR3PAv7hCdUbNl7GVX4Kws=
-9,-16,c+FLDrpmwBA8SfU61FJZ1D6M7xc=,/XE9nMR3PAv7hCdUbNl7GVX4Kws=
-8,-13,c+FLDrpmwBA8SfU61FJZ1D6M7xc=,/XE9nMR3PAv7hCdUbNl7GVX4Kws=
-10,-13,c+FLDrpmwBA8SfU61FJZ1D6M7xc=,/XE9nMR3PAv7hCdUbNl7GVX4Kws=
-9,-15,c+FLDrpmwBA8SfU61FJZ1D6M7xc=,/XE9nMR3PAv7hCdUbNl7GVX4Kws=
-10,-12,c+FLDrpmwBA8SfU61FJZ1D6M7xc=,R4V6WwbCIVUAoIVjw7XxRFu8lbI=
-9,-12,c+FLDrpmwBA8SfU61FJZ1D6M7xc=,R4V6WwbCIVUAoIVjw7XxRFu8lbI=
-11,-13,c+FLDrpmwBA8SfU61FJZ1D6M7xc=,/XE9nMR3PAv7hCdUbNl7GVX4Kws=
-11,-12,c+FLDrpmwBA8SfU61FJZ1D6M7xc=,R4V6WwbCIVUAoIVjw7XxRFu8lbI=
-8,-16,c+FLDrpmwBA8SfU61FJZ1D6M7xc=,/XE9nMR3PAv7hCdUbNl7GVX4Kws=
-10,-15,c+FLDrpmwBA8SfU61FJZ1D6M7xc=,/XE9nMR3PAv7hCdUbNl7GVX4Kws=
-8,-14,c+FLDrpmwBA8SfU61FJZ1D6M7xc=,/XE9nMR3PAv7hCdUbNl7GVX4Kws=
-12,-16,c+FLDrpmwBA8SfU61FJZ1D6M7xc=,/XE9nMR3PAv7hCdUbNl7GVX4Kws=
-12,-14,c+FLDrpmwBA8SfU61FJZ1D6M7xc=,/XE9nMR3PAv7hCdUbNl7GVX4Kws=
-14,-14,c+FLDrpmwBA8SfU61FJZ1D6M7xc=,sBDsv5iemi9UJE8ofzkURCnHEJw=
-15,-12,c+FLDrpmwBA8SfU61FJZ1D6M7xc=,R4V6WwbCIVUAoIVjw7XxRFu8lbI=
-13,-14,c+FLDrpmwBA8SfU61FJZ1D6M7xc=,sBDsv5iemi9UJE8ofzkURCnHEJw=
-15,-16,c+FLDrpmwBA8SfU61FJZ1D6M7xc=,sBDsv5iemi9UJE8ofzkURCnHEJw=
-13,-12,c+FLDrpmwBA8SfU61FJZ1D6M7xc=,R4V6WwbCIVUAoIVjw7XxRFu8lbI=
-14,-12,c+FLDrpmwBA8SfU61FJZ1D6M7xc=,R4V6WwbCIVUAoIVjw7XxRFu8lbI=
-13,-13,c+FLDrpmwBA8SfU61FJZ1D6M7xc=,sBDsv5iemi9UJE8ofzkURCnHEJw=
-15,-14,c+FLDrpmwBA8SfU61FJZ1D6M7xc=,sBDsv5iemi9UJE8ofzkURCnHEJw=
-16,-14,c+FLDrpmwBA8SfU61FJZ1D6M7xc=,sBDsv5iemi9UJE8ofzkURCnHEJw=
-15,-13,c+FLDrpmwBA8SfU61FJZ1D6M7xc=,sBDsv5iemi9UJE8ofzkURCnHEJw=
-14,-15,c+FLDrpmwBA8SfU61FJZ1D6M7xc=,sBDsv5iemi9UJE8ofzkURCnHEJw=
-15,-15,c+FLDrpmwBA8SfU61FJZ1D6M7xc=,sBDsv5iemi9UJE8ofzkURCnHEJw=
-13,-15,c+FLDrpmwBA8SfU61FJZ1D6M7xc=,sBDsv5iemi9UJE8ofzkURCnHEJw=
-14,-13,c+FLDrpmwBA8SfU61FJZ1D6M7xc=,sBDsv5iemi9UJE8ofzkURCnHEJw=
-16,-15,c+FLDrpmwBA8SfU61FJZ1D6M7xc=,sBDsv5iemi9UJE8ofzkURCnHEJw=
-12,-12,c+FLDrpmwBA8SfU61FJZ1D6M7xc=,R4V6WwbCIVUAoIVjw7XxRFu8lbI=
-12,-15,c+FLDrpmwBA8SfU61FJZ1D6M7xc=,/XE9nMR3PAv7hCdUbNl7GVX4Kws=
-12,-13,c+FLDrpmwBA8SfU61FJZ1D6M7xc=,/XE9nMR3PAv7hCdUbNl7GVX4Kws=
-14,-16,c+FLDrpmwBA8SfU61FJZ1D6M7xc=,sBDsv5iemi9UJE8ofzkURCnHEJw=
-13,-16,c+FLDrpmwBA8SfU61FJZ1D6M7xc=,sBDsv5iemi9UJE8ofzkURCnHEJw=
-4,-16,c+FLDrpmwBA8SfU61FJZ1D6M7xc=,V0qzWS/Ws9Lz44zpj/c5loU4Vxo=
-16,-10,07SN+LuVMQPy1sQbU+sfPMdYrHY=,R4V6WwbCIVUAoIVjw7XxRFu8lbI=
-16,-13,07SN+LuVMQPy1sQbU+sfPMdYrHY=,sBDsv5iemi9UJE8ofzkURCnHEJw=
-16,-11,07SN+LuVMQPy1sQbU+sfPMdYrHY=,R4V6WwbCIVUAoIVjw7XxRFu8lbI=
-16,-12,07SN+LuVMQPy1sQbU+sfPMdYrHY=,R4V6WwbCIVUAoIVjw7XxRFu8lbI=
-16,-9,07SN+LuVMQPy1sQbU+sfPMdYrHY=,R4V6WwbCIVUAoIVjw7XxRFu8lbI=
-16,-4,07SN+LuVMQPy1sQbU+sfPMdYrHY=,vQWMHngZnc2MiZ1AixK2Z/Z8xz4=
-16,-2,07SN+LuVMQPy1sQbU+sfPMdYrHY=,vQWMHngZnc2MiZ1AixK2Z/Z8xz4=
-16,-3,07SN+LuVMQPy1sQbU+sfPMdYrHY=,vQWMHngZnc2MiZ1AixK2Z/Z8xz4=
-16,-8,07SN+LuVMQPy1sQbU+sfPMdYrHY=,qVpYCWy3rbYEQYW13Z311bTgGLc=
-16,-7,07SN+LuVMQPy1sQbU+sfPMdYrHY=,qVpYCWy3rbYEQYW13Z311bTgGLc=
-16,-5,07SN+LuVMQPy1sQbU+sfPMdYrHY=,qVpYCWy3rbYEQYW13Z311bTgGLc=
-16,-6,07SN+LuVMQPy1sQbU+sfPMdYrHY=,qVpYCWy3rbYEQYW13Z311bTgGLc=
-14,-1,07SN+LuVMQPy1sQbU+sfPMdYrHY=,vQWMHngZnc2MiZ1AixK2Z/Z8xz4=
-15,-1,07SN+LuVMQPy1sQbU+sfPMdYrHY=,vQWMHngZnc2MiZ1AixK2Z/Z8xz4=
-7,-1,qIO/3975kvTqF1eEL1rDPGbYuhE=,tFqDk4AkINsMo58YlSH/QlXT8dU=
-6,-1,XkNuSzQ4OV/48cuczR+McSgN0nY=,tFqDk4AkINsMo58YlSH/QlXT8dU=
-8,-1,i2qhcvOMaKrLpHbfWDL6VSESsTs=,tFqDk4AkINsMo58YlSH/QlXT8dU=
-13,-1,i2qhcvOMaKrLpHbfWDL6VSESsTs=,vQWMHngZnc2MiZ1AixK2Z/Z8xz4=
-9,-1,i2qhcvOMaKrLpHbfWDL6VSESsTs=,XdbwLGnu+TZ/MaEDL7GfRZVUZ8M=
-10,-1,i2qhcvOMaKrLpHbfWDL6VSESsTs=,XdbwLGnu+TZ/MaEDL7GfRZVUZ8M=
-11,-1,i2qhcvOMaKrLpHbfWDL6VSESsTs=,XdbwLGnu+TZ/MaEDL7GfRZVUZ8M=
-5,-8,i2qhcvOMaKrLpHbfWDL6VSESsTs=,tFqDk4AkINsMo58YlSH/QlXT8dU=
-2,-7,i2qhcvOMaKrLpHbfWDL6VSESsTs=,tFqDk4AkINsMo58YlSH/QlXT8dU=
-5,-9,i2qhcvOMaKrLpHbfWDL6VSESsTs=,R4V6WwbCIVUAoIVjw7XxRFu8lbI=
-3,-9,i2qhcvOMaKrLpHbfWDL6VSESsTs=,/XE9nMR3PAv7hCdUbNl7GVX4Kws=
-4,-7,i2qhcvOMaKrLpHbfWDL6VSESsTs=,tFqDk4AkINsMo58YlSH/QlXT8dU=
-3,-7,i2qhcvOMaKrLpHbfWDL6VSESsTs=,tFqDk4AkINsMo58YlSH/QlXT8dU=
-2,-9,i2qhcvOMaKrLpHbfWDL6VSESsTs=,/XE9nMR3PAv7hCdUbNl7GVX4Kws=
-4,-9,i2qhcvOMaKrLpHbfWDL6VSESsTs=,/XE9nMR3PAv7hCdUbNl7GVX4Kws=
-2,-8,i2qhcvOMaKrLpHbfWDL6VSESsTs=,tFqDk4AkINsMo58YlSH/QlXT8dU=
-12,-1,i2qhcvOMaKrLpHbfWDL6VSESsTs=,XdbwLGnu+TZ/MaEDL7GfRZVUZ8M=
-3,-8,i2qhcvOMaKrLpHbfWDL6VSESsTs=,tFqDk4AkINsMo58YlSH/QlXT8dU=
-5,-7,i2qhcvOMaKrLpHbfWDL6VSESsTs=,tFqDk4AkINsMo58YlSH/QlXT8dU=
-5,-6,i2qhcvOMaKrLpHbfWDL6VSESsTs=,tFqDk4AkINsMo58YlSH/QlXT8dU=
-4,-8,i2qhcvOMaKrLpHbfWDL6VSESsTs=,tFqDk4AkINsMo58YlSH/QlXT8dU=
-3,-6,i2qhcvOMaKrLpHbfWDL6VSESsTs=,tFqDk4AkINsMo58YlSH/QlXT8dU=
-4,-6,i2qhcvOMaKrLpHbfWDL6VSESsTs=,tFqDk4AkINsMo58YlSH/QlXT8dU=
-2,-6,i2qhcvOMaKrLpHbfWDL6VSESsTs=,tFqDk4AkINsMo58YlSH/QlXT8dU=
-5,-2,i2qhcvOMaKrLpHbfWDL6VSESsTs=,tFqDk4AkINsMo58YlSH/QlXT8dU=
-5,-4,i2qhcvOMaKrLpHbfWDL6VSESsTs=,tFqDk4AkINsMo58YlSH/QlXT8dU=
-2,-5,i2qhcvOMaKrLpHbfWDL6VSESsTs=,tFqDk4AkINsMo58YlSH/QlXT8dU=
-3,-4,i2qhcvOMaKrLpHbfWDL6VSESsTs=,tFqDk4AkINsMo58YlSH/QlXT8dU=
-4,-4,i2qhcvOMaKrLpHbfWDL6VSESsTs=,tFqDk4AkINsMo58YlSH/QlXT8dU=
-4,-5,i2qhcvOMaKrLpHbfWDL6VSESsTs=,tFqDk4AkINsMo58YlSH/QlXT8dU=
-3,-3,i2qhcvOMaKrLpHbfWDL6VSESsTs=,tFqDk4AkINsMo58YlSH/QlXT8dU=
-4,-3,i2qhcvOMaKrLpHbfWDL6VSESsTs=,tFqDk4AkINsMo58YlSH/QlXT8dU=
-3,-5,i2qhcvOMaKrLpHbfWDL6VSESsTs=,tFqDk4AkINsMo58YlSH/QlXT8dU=
-5,-3,i2qhcvOMaKrLpHbfWDL6VSESsTs=,tFqDk4AkINsMo58YlSH/QlXT8dU=
-3,-2,i2qhcvOMaKrLpHbfWDL6VSESsTs=,tFqDk4AkINsMo58YlSH/QlXT8dU=
-2,-4,i2qhcvOMaKrLpHbfWDL6VSESsTs=,tFqDk4AkINsMo58YlSH/QlXT8dU=
-4,-2,i2qhcvOMaKrLpHbfWDL6VSESsTs=,tFqDk4AkINsMo58YlSH/QlXT8dU=
-2,-3,i2qhcvOMaKrLpHbfWDL6VSESsTs=,tFqDk4AkINsMo58YlSH/QlXT8dU=
-5,-5,i2qhcvOMaKrLpHbfWDL6VSESsTs=,tFqDk4AkINsMo58YlSH/QlXT8dU=
-2,-2,i2qhcvOMaKrLpHbfWDL6VSESsTs=,tFqDk4AkINsMo58YlSH/QlXT8dU=
-1,-6,xUgWEUEFOkEi5d/JymntHCz9IkI=,tFqDk4AkINsMo58YlSH/QlXT8dU=
-1,-7,xUgWEUEFOkEi5d/JymntHCz9IkI=,tFqDk4AkINsMo58YlSH/QlXT8dU=
-1,-15,xUgWEUEFOkEi5d/JymntHCz9IkI=,V0qzWS/Ws9Lz44zpj/c5loU4Vxo=
-1,-14,xUgWEUEFOkEi5d/JymntHCz9IkI=,V0qzWS/Ws9Lz44zpj/c5loU4Vxo=
-1,-12,xUgWEUEFOkEi5d/JymntHCz9IkI=,/XE9nMR3PAv7hCdUbNl7GVX4Kws=
-1,-9,xUgWEUEFOkEi5d/JymntHCz9IkI=,/XE9nMR3PAv7hCdUbNl7GVX4Kws=
-1,-8,xUgWEUEFOkEi5d/JymntHCz9IkI=,tFqDk4AkINsMo58YlSH/QlXT8dU=
-1,-11,xUgWEUEFOkEi5d/JymntHCz9IkI=,/XE9nMR3PAv7hCdUbNl7GVX4Kws=
-1,-13,xUgWEUEFOkEi5d/JymntHCz9IkI=,V0qzWS/Ws9Lz44zpj/c5loU4Vxo=
-1,-10,xUgWEUEFOkEi5d/JymntHCz9IkI=,/XE9nMR3PAv7hCdUbNl7GVX4Kws=
-1,-16,xUgWEUEFOkEi5d/JymntHCz9IkI=,V0qzWS/Ws9Lz44zpj/c5loU4Vxo=
-5,-1,GA7Oxx9tJNJULbJ0vAb3mzK2dSs=,tFqDk4AkINsMo58YlSH/QlXT8dU=
-2,-1,GA7Oxx9tJNJULbJ0vAb3mzK2dSs=,tFqDk4AkINsMo58YlSH/QlXT8dU=
-4,-1,GA7Oxx9tJNJULbJ0vAb3mzK2dSs=,tFqDk4AkINsMo58YlSH/QlXT8dU=
-3,-1,GA7Oxx9tJNJULbJ0vAb3mzK2dSs=,tFqDk4AkINsMo58YlSH/QlXT8dU=
-1,-4,GA7Oxx9tJNJULbJ0vAb3mzK2dSs=,tFqDk4AkINsMo58YlSH/QlXT8dU=
-1,-1,GA7Oxx9tJNJULbJ0vAb3mzK2dSs=,tFqDk4AkINsMo58YlSH/QlXT8dU=
-16,-1,GA7Oxx9tJNJULbJ0vAb3mzK2dSs=,vQWMHngZnc2MiZ1AixK2Z/Z8xz4=
-1,-5,GA7Oxx9tJNJULbJ0vAb3mzK2dSs=,tFqDk4AkINsMo58YlSH/QlXT8dU=
-1,-2,GA7Oxx9tJNJULbJ0vAb3mzK2dSs=,tFqDk4AkINsMo58YlSH/QlXT8dU=
-1,-3,GA7Oxx9tJNJULbJ0vAb3mzK2dSs=,tFqDk4AkINsMo58YlSH/QlXT8dU=
-16,-16,GA7Oxx9tJNJULbJ0vAb3mzK2dSs=,sBDsv5iemi9UJE8ofzkURCnHEJw=
-14,-19,gRh5vMxmGvlaFVFm8YEzPcWEWtM=,Fk0mso9PhMpvZoQ2k7PH7bRYlr0=
-12,-19,gRh5vMxmGvlaFVFm8YEzPcWEWtM=,ECkTXY7zrqhI3s10mMkbuz5wzek=
-13,-18,gRh5vMxmGvlaFVFm8YEzPcWEWtM=,Fk0mso9PhMpvZoQ2k7PH7bRYlr0=
-15,-19,gRh5vMxmGvlaFVFm8YEzPcWEWtM=,Fk0mso9PhMpvZoQ2k7PH7bRYlr0=
-11,-19,gRh5vMxmGvlaFVFm8YEzPcWEWtM=,ECkTXY7zrqhI3s10mMkbuz5wzek=
-10,-18,gRh5vMxmGvlaFVFm8YEzPcWEWtM=,ECkTXY7zrqhI3s10mMkbuz5wzek=
-14,-18,gRh5vMxmGvlaFVFm8YEzPcWEWtM=,Fk0mso9PhMpvZoQ2k7PH7bRYlr0=
-13,-19,gRh5vMxmGvlaFVFm8YEzPcWEWtM=,Fk0mso9PhMpvZoQ2k7PH7bRYlr0=
-15,-18,gRh5vMxmGvlaFVFm8YEzPcWEWtM=,Fk0mso9PhMpvZoQ2k7PH7bRYlr0=
-11,-18,gRh5vMxmGvlaFVFm8YEzPcWEWtM=,ECkTXY7zrqhI3s10mMkbuz5wzek=
-10,-22,gRh5vMxmGvlaFVFm8YEzPcWEWtM=,OJFj+SYTKUm2Ab8eeEtou8w1CZA=
-10,-19,gRh5vMxmGvlaFVFm8YEzPcWEWtM=,ECkTXY7zrqhI3s10mMkbuz5wzek=
-12,-18,gRh5vMxmGvlaFVFm8YEzPcWEWtM=,ECkTXY7zrqhI3s10mMkbuz5wzek=
-11,-21,gRh5vMxmGvlaFVFm8YEzPcWEWtM=,OJFj+SYTKUm2Ab8eeEtou8w1CZA=
-10,-23,gRh5vMxmGvlaFVFm8YEzPcWEWtM=,OJFj+SYTKUm2Ab8eeEtou8w1CZA=
-11,-23,gRh5vMxmGvlaFVFm8YEzPcWEWtM=,OJFj+SYTKUm2Ab8eeEtou8w1CZA=
-10,-20,gRh5vMxmGvlaFVFm8YEzPcWEWtM=,ECkTXY7zrqhI3s10mMkbuz5wzek=
-11,-20,gRh5vMxmGvlaFVFm8YEzPcWEWtM=,ECkTXY7zrqhI3s10mMkbuz5wzek=
-15,-22,gRh5vMxmGvlaFVFm8YEzPcWEWtM=,Fk0mso9PhMpvZoQ2k7PH7bRYlr0=
-15,-23,gRh5vMxmGvlaFVFm8YEzPcWEWtM=,Fk0mso9PhMpvZoQ2k7PH7bRYlr0=
-11,-22,gRh5vMxmGvlaFVFm8YEzPcWEWtM=,OJFj+SYTKUm2Ab8eeEtou8w1CZA=
-12,-21,gRh5vMxmGvlaFVFm8YEzPcWEWtM=,OJFj+SYTKUm2Ab8eeEtou8w1CZA=
-10,-21,gRh5vMxmGvlaFVFm8YEzPcWEWtM=,OJFj+SYTKUm2Ab8eeEtou8w1CZA=
-13,-21,gRh5vMxmGvlaFVFm8YEzPcWEWtM=,Fk0mso9PhMpvZoQ2k7PH7bRYlr0=
-12,-23,gRh5vMxmGvlaFVFm8YEzPcWEWtM=,OJFj+SYTKUm2Ab8eeEtou8w1CZA=
-14,-21,gRh5vMxmGvlaFVFm8YEzPcWEWtM=,Fk0mso9PhMpvZoQ2k7PH7bRYlr0=
-12,-20,gRh5vMxmGvlaFVFm8YEzPcWEWtM=,ECkTXY7zrqhI3s10mMkbuz5wzek=
-14,-23,gRh5vMxmGvlaFVFm8YEzPcWEWtM=,Fk0mso9PhMpvZoQ2k7PH7bRYlr0=
-13,-22,gRh5vMxmGvlaFVFm8YEzPcWEWtM=,Fk0mso9PhMpvZoQ2k7PH7bRYlr0=
-14,-22,gRh5vMxmGvlaFVFm8YEzPcWEWtM=,Fk0mso9PhMpvZoQ2k7PH7bRYlr0=
-15,-20,gRh5vMxmGvlaFVFm8YEzPcWEWtM=,Fk0mso9PhMpvZoQ2k7PH7bRYlr0=
-13,-23,gRh5vMxmGvlaFVFm8YEzPcWEWtM=,Fk0mso9PhMpvZoQ2k7PH7bRYlr0=
-15,-21,gRh5vMxmGvlaFVFm8YEzPcWEWtM=,Fk0mso9PhMpvZoQ2k7PH7bRYlr0=
-14,-20,gRh5vMxmGvlaFVFm8YEzPcWEWtM=,Fk0mso9PhMpvZoQ2k7PH7bRYlr0=
-13,-20,gRh5vMxmGvlaFVFm8YEzPcWEWtM=,Fk0mso9PhMpvZoQ2k7PH7bRYlr0=
-12,-22,gRh5vMxmGvlaFVFm8YEzPcWEWtM=,OJFj+SYTKUm2Ab8eeEtou8w1CZA=
-9,-18,5oeNKv9RwpkOQDaK74SxyVOOYp8=,ECkTXY7zrqhI3s10mMkbuz5wzek=
-8,-19,5oeNKv9RwpkOQDaK74SxyVOOYp8=,ECkTXY7zrqhI3s10mMkbuz5wzek=
-8,-18,5oeNKv9RwpkOQDaK74SxyVOOYp8=,ECkTXY7zrqhI3s10mMkbuz5wzek=
-9,-19,5oeNKv9RwpkOQDaK74SxyVOOYp8=,ECkTXY7zrqhI3s10mMkbuz5wzek=
-6,-19,5oeNKv9RwpkOQDaK74SxyVOOYp8=,ECkTXY7zrqhI3s10mMkbuz5wzek=
-7,-18,5oeNKv9RwpkOQDaK74SxyVOOYp8=,ECkTXY7zrqhI3s10mMkbuz5wzek=
-2,-23,5oeNKv9RwpkOQDaK74SxyVOOYp8=,AKjukYjPT7jCdR9/ffrJ/PrZU1E=
-7,-19,5oeNKv9RwpkOQDaK74SxyVOOYp8=,ECkTXY7zrqhI3s10mMkbuz5wzek=
-6,-18,5oeNKv9RwpkOQDaK74SxyVOOYp8=,ECkTXY7zrqhI3s10mMkbuz5wzek=
-3,-22,5oeNKv9RwpkOQDaK74SxyVOOYp8=,AKjukYjPT7jCdR9/ffrJ/PrZU1E=
-2,-19,5oeNKv9RwpkOQDaK74SxyVOOYp8=,asaH1EKtGWaiUquXK+b5TZf+wy0=
-5,-19,5oeNKv9RwpkOQDaK74SxyVOOYp8=,ECkTXY7zrqhI3s10mMkbuz5wzek=
-2,-18,5oeNKv9RwpkOQDaK74SxyVOOYp8=,asaH1EKtGWaiUquXK+b5TZf+wy0=
-2,-21,5oeNKv9RwpkOQDaK74SxyVOOYp8=,AKjukYjPT7jCdR9/ffrJ/PrZU1E=
-5,-18,5oeNKv9RwpkOQDaK74SxyVOOYp8=,ECkTXY7zrqhI3s10mMkbuz5wzek=
-3,-21,5oeNKv9RwpkOQDaK74SxyVOOYp8=,AKjukYjPT7jCdR9/ffrJ/PrZU1E=
-4,-19,5oeNKv9RwpkOQDaK74SxyVOOYp8=,asaH1EKtGWaiUquXK+b5TZf+wy0=
-3,-18,5oeNKv9RwpkOQDaK74SxyVOOYp8=,asaH1EKtGWaiUquXK+b5TZf+wy0=
-3,-20,5oeNKv9RwpkOQDaK74SxyVOOYp8=,asaH1EKtGWaiUquXK+b5TZf+wy0=
-2,-22,5oeNKv9RwpkOQDaK74SxyVOOYp8=,AKjukYjPT7jCdR9/ffrJ/PrZU1E=
-2,-20,5oeNKv9RwpkOQDaK74SxyVOOYp8=,asaH1EKtGWaiUquXK+b5TZf+wy0=
-3,-19,5oeNKv9RwpkOQDaK74SxyVOOYp8=,asaH1EKtGWaiUquXK+b5TZf+wy0=
-8,-21,5oeNKv9RwpkOQDaK74SxyVOOYp8=,V0qzWS/Ws9Lz44zpj/c5loU4Vxo=
-4,-18,5oeNKv9RwpkOQDaK74SxyVOOYp8=,asaH1EKtGWaiUquXK+b5TZf+wy0=
-5,-20,5oeNKv9RwpkOQDaK74SxyVOOYp8=,ECkTXY7zrqhI3s10mMkbuz5wzek=
-4,-20,5oeNKv9RwpkOQDaK74SxyVOOYp8=,asaH1EKtGWaiUquXK+b5TZf+wy0=
-9,-23,5oeNKv9RwpkOQDaK74SxyVOOYp8=,OJFj+SYTKUm2Ab8eeEtou8w1CZA=
-3,-23,5oeNKv9RwpkOQDaK74SxyVOOYp8=,AKjukYjPT7jCdR9/ffrJ/PrZU1E=
-9,-22,5oeNKv9RwpkOQDaK74SxyVOOYp8=,OJFj+SYTKUm2Ab8eeEtou8w1CZA=
-5,-22,5oeNKv9RwpkOQDaK74SxyVOOYp8=,V0qzWS/Ws9Lz44zpj/c5loU4Vxo=
-6,-20,5oeNKv9RwpkOQDaK74SxyVOOYp8=,ECkTXY7zrqhI3s10mMkbuz5wzek=
-4,-22,5oeNKv9RwpkOQDaK74SxyVOOYp8=,AKjukYjPT7jCdR9/ffrJ/PrZU1E=
-7,-22,5oeNKv9RwpkOQDaK74SxyVOOYp8=,V0qzWS/Ws9Lz44zpj/c5loU4Vxo=
-6,-21,5oeNKv9RwpkOQDaK74SxyVOOYp8=,V0qzWS/Ws9Lz44zpj/c5loU4Vxo=
-7,-20,5oeNKv9RwpkOQDaK74SxyVOOYp8=,ECkTXY7zrqhI3s10mMkbuz5wzek=
-8,-20,5oeNKv9RwpkOQDaK74SxyVOOYp8=,ECkTXY7zrqhI3s10mMkbuz5wzek=
-8,-23,5oeNKv9RwpkOQDaK74SxyVOOYp8=,V0qzWS/Ws9Lz44zpj/c5loU4Vxo=
-8,-22,5oeNKv9RwpkOQDaK74SxyVOOYp8=,V0qzWS/Ws9Lz44zpj/c5loU4Vxo=
-7,-21,5oeNKv9RwpkOQDaK74SxyVOOYp8=,V0qzWS/Ws9Lz44zpj/c5loU4Vxo=
-9,-21,5oeNKv9RwpkOQDaK74SxyVOOYp8=,OJFj+SYTKUm2Ab8eeEtou8w1CZA=
-7,-23,5oeNKv9RwpkOQDaK74SxyVOOYp8=,V0qzWS/Ws9Lz44zpj/c5loU4Vxo=
-4,-23,5oeNKv9RwpkOQDaK74SxyVOOYp8=,AKjukYjPT7jCdR9/ffrJ/PrZU1E=
-5,-21,5oeNKv9RwpkOQDaK74SxyVOOYp8=,V0qzWS/Ws9Lz44zpj/c5loU4Vxo=
-5,-23,5oeNKv9RwpkOQDaK74SxyVOOYp8=,V0qzWS/Ws9Lz44zpj/c5loU4Vxo=
-6,-23,5oeNKv9RwpkOQDaK74SxyVOOYp8=,V0qzWS/Ws9Lz44zpj/c5loU4Vxo=
-6,-22,5oeNKv9RwpkOQDaK74SxyVOOYp8=,V0qzWS/Ws9Lz44zpj/c5loU4Vxo=
-4,-21,5oeNKv9RwpkOQDaK74SxyVOOYp8=,AKjukYjPT7jCdR9/ffrJ/PrZU1E=
-9,-20,5oeNKv9RwpkOQDaK74SxyVOOYp8=,ECkTXY7zrqhI3s10mMkbuz5wzek=
-6,-30,h+9sJ3CaxaPK+F7H0HCkwM0mmlY=,42DRbZBfHgOvZnVtI6xCVB+mQ/8=
-7,-30,h+9sJ3CaxaPK+F7H0HCkwM0mmlY=,42DRbZBfHgOvZnVtI6xCVB+mQ/8=
-10,-30,h+9sJ3CaxaPK+F7H0HCkwM0mmlY=,Jq/jdmUzkzyotcLF2PF5lX6hqIg=
-6,-31,h+9sJ3CaxaPK+F7H0HCkwM0mmlY=,42DRbZBfHgOvZnVtI6xCVB+mQ/8=
-7,-31,h+9sJ3CaxaPK+F7H0HCkwM0mmlY=,42DRbZBfHgOvZnVtI6xCVB+mQ/8=
-9,-30,h+9sJ3CaxaPK+F7H0HCkwM0mmlY=,Jq/jdmUzkzyotcLF2PF5lX6hqIg=
-8,-30,h+9sJ3CaxaPK+F7H0HCkwM0mmlY=,42DRbZBfHgOvZnVtI6xCVB+mQ/8=
-7,-26,h+9sJ3CaxaPK+F7H0HCkwM0mmlY=,AKjukYjPT7jCdR9/ffrJ/PrZU1E=
-6,-27,h+9sJ3CaxaPK+F7H0HCkwM0mmlY=,AKjukYjPT7jCdR9/ffrJ/PrZU1E=
-6,-28,h+9sJ3CaxaPK+F7H0HCkwM0mmlY=,AKjukYjPT7jCdR9/ffrJ/PrZU1E=
-6,-24,h+9sJ3CaxaPK+F7H0HCkwM0mmlY=,V0qzWS/Ws9Lz44zpj/c5loU4Vxo=
-7,-28,h+9sJ3CaxaPK+F7H0HCkwM0mmlY=,AKjukYjPT7jCdR9/ffrJ/PrZU1E=
-7,-24,h+9sJ3CaxaPK+F7H0HCkwM0mmlY=,V0qzWS/Ws9Lz44zpj/c5loU4Vxo=
-6,-29,h+9sJ3CaxaPK+F7H0HCkwM0mmlY=,42DRbZBfHgOvZnVtI6xCVB+mQ/8=
-7,-29,h+9sJ3CaxaPK+F7H0HCkwM0mmlY=,42DRbZBfHgOvZnVtI6xCVB+mQ/8=
-6,-25,h+9sJ3CaxaPK+F7H0HCkwM0mmlY=,AKjukYjPT7jCdR9/ffrJ/PrZU1E=
-11,-31,h+9sJ3CaxaPK+F7H0HCkwM0mmlY=,Jq/jdmUzkzyotcLF2PF5lX6hqIg=
-7,-27,h+9sJ3CaxaPK+F7H0HCkwM0mmlY=,AKjukYjPT7jCdR9/ffrJ/PrZU1E=
-10,-27,h+9sJ3CaxaPK+F7H0HCkwM0mmlY=,sp0c5/cMAdZyeCBOCaoUFC5HhEg=
-8,-28,h+9sJ3CaxaPK+F7H0HCkwM0mmlY=,AKjukYjPT7jCdR9/ffrJ/PrZU1E=
-8,-26,h+9sJ3CaxaPK+F7H0HCkwM0mmlY=,AKjukYjPT7jCdR9/ffrJ/PrZU1E=
-11,-26,h+9sJ3CaxaPK+F7H0HCkwM0mmlY=,sp0c5/cMAdZyeCBOCaoUFC5HhEg=
-11,-28,h+9sJ3CaxaPK+F7H0HCkwM0mmlY=,sp0c5/cMAdZyeCBOCaoUFC5HhEg=
-9,-29,h+9sJ3CaxaPK+F7H0HCkwM0mmlY=,Jq/jdmUzkzyotcLF2PF5lX6hqIg=
-9,-24,h+9sJ3CaxaPK+F7H0HCkwM0mmlY=,OJFj+SYTKUm2Ab8eeEtou8w1CZA=
-10,-29,h+9sJ3CaxaPK+F7H0HCkwM0mmlY=,Jq/jdmUzkzyotcLF2PF5lX6hqIg=
-8,-27,h+9sJ3CaxaPK+F7H0HCkwM0mmlY=,AKjukYjPT7jCdR9/ffrJ/PrZU1E=
-9,-26,h+9sJ3CaxaPK+F7H0HCkwM0mmlY=,sp0c5/cMAdZyeCBOCaoUFC5HhEg=
-11,-24,h+9sJ3CaxaPK+F7H0HCkwM0mmlY=,OJFj+SYTKUm2Ab8eeEtou8w1CZA=
-10,-24,h+9sJ3CaxaPK+F7H0HCkwM0mmlY=,OJFj+SYTKUm2Ab8eeEtou8w1CZA=
-11,-29,h+9sJ3CaxaPK+F7H0HCkwM0mmlY=,Jq/jdmUzkzyotcLF2PF5lX6hqIg=
-11,-25,h+9sJ3CaxaPK+F7H0HCkwM0mmlY=,sp0c5/cMAdZyeCBOCaoUFC5HhEg=
-8,-24,h+9sJ3CaxaPK+F7H0HCkwM0mmlY=,V0qzWS/Ws9Lz44zpj/c5loU4Vxo=
-9,-25,h+9sJ3CaxaPK+F7H0HCkwM0mmlY=,sp0c5/cMAdZyeCBOCaoUFC5HhEg=
-7,-25,h+9sJ3CaxaPK+F7H0HCkwM0mmlY=,AKjukYjPT7jCdR9/ffrJ/PrZU1E=
-10,-25,h+9sJ3CaxaPK+F7H0HCkwM0mmlY=,sp0c5/cMAdZyeCBOCaoUFC5HhEg=
-9,-28,h+9sJ3CaxaPK+F7H0HCkwM0mmlY=,sp0c5/cMAdZyeCBOCaoUFC5HhEg=
-10,-28,h+9sJ3CaxaPK+F7H0HCkwM0mmlY=,sp0c5/cMAdZyeCBOCaoUFC5HhEg=
-8,-29,h+9sJ3CaxaPK+F7H0HCkwM0mmlY=,42DRbZBfHgOvZnVtI6xCVB+mQ/8=
-8,-25,h+9sJ3CaxaPK+F7H0HCkwM0mmlY=,AKjukYjPT7jCdR9/ffrJ/PrZU1E=
-11,-27,h+9sJ3CaxaPK+F7H0HCkwM0mmlY=,sp0c5/cMAdZyeCBOCaoUFC5HhEg=
-10,-26,h+9sJ3CaxaPK+F7H0HCkwM0mmlY=,sp0c5/cMAdZyeCBOCaoUFC5HhEg=
-9,-27,h+9sJ3CaxaPK+F7H0HCkwM0mmlY=,sp0c5/cMAdZyeCBOCaoUFC5HhEg=
-8,-31,h+9sJ3CaxaPK+F7H0HCkwM0mmlY=,42DRbZBfHgOvZnVtI6xCVB+mQ/8=
-10,-31,h+9sJ3CaxaPK+F7H0HCkwM0mmlY=,Jq/jdmUzkzyotcLF2PF5lX6hqIg=
-11,-30,h+9sJ3CaxaPK+F7H0HCkwM0mmlY=,Jq/jdmUzkzyotcLF2PF5lX6hqIg=
-9,-31,h+9sJ3CaxaPK+F7H0HCkwM0mmlY=,Jq/jdmUzkzyotcLF2PF5lX6hqIg=
-6,-26,h+9sJ3CaxaPK+F7H0HCkwM0mmlY=,AKjukYjPT7jCdR9/ffrJ/PrZU1E=
-16,-22,I9gRjisOuITBdFiWEe5ehT7uEpo=,Fk0mso9PhMpvZoQ2k7PH7bRYlr0=
-16,-21,I9gRjisOuITBdFiWEe5ehT7uEpo=,Fk0mso9PhMpvZoQ2k7PH7bRYlr0=
-16,-18,I9gRjisOuITBdFiWEe5ehT7uEpo=,Fk0mso9PhMpvZoQ2k7PH7bRYlr0=
-16,-19,I9gRjisOuITBdFiWEe5ehT7uEpo=,Fk0mso9PhMpvZoQ2k7PH7bRYlr0=
-16,-20,I9gRjisOuITBdFiWEe5ehT7uEpo=,Fk0mso9PhMpvZoQ2k7PH7bRYlr0=
-16,-26,I9gRjisOuITBdFiWEe5ehT7uEpo=,sp0c5/cMAdZyeCBOCaoUFC5HhEg=
-16,-23,I9gRjisOuITBdFiWEe5ehT7uEpo=,Fk0mso9PhMpvZoQ2k7PH7bRYlr0=
-15,-26,I9gRjisOuITBdFiWEe5ehT7uEpo=,sp0c5/cMAdZyeCBOCaoUFC5HhEg=
-14,-24,I9gRjisOuITBdFiWEe5ehT7uEpo=,Fk0mso9PhMpvZoQ2k7PH7bRYlr0=
-16,-25,I9gRjisOuITBdFiWEe5ehT7uEpo=,sp0c5/cMAdZyeCBOCaoUFC5HhEg=
-12,-27,I9gRjisOuITBdFiWEe5ehT7uEpo=,sp0c5/cMAdZyeCBOCaoUFC5HhEg=
-13,-24,I9gRjisOuITBdFiWEe5ehT7uEpo=,Fk0mso9PhMpvZoQ2k7PH7bRYlr0=
-14,-26,I9gRjisOuITBdFiWEe5ehT7uEpo=,sp0c5/cMAdZyeCBOCaoUFC5HhEg=
-13,-27,I9gRjisOuITBdFiWEe5ehT7uEpo=,sp0c5/cMAdZyeCBOCaoUFC5HhEg=
-15,-24,I9gRjisOuITBdFiWEe5ehT7uEpo=,Fk0mso9PhMpvZoQ2k7PH7bRYlr0=
-12,-29,I9gRjisOuITBdFiWEe5ehT7uEpo=,Jq/jdmUzkzyotcLF2PF5lX6hqIg=
-13,-25,I9gRjisOuITBdFiWEe5ehT7uEpo=,sp0c5/cMAdZyeCBOCaoUFC5HhEg=
-16,-24,I9gRjisOuITBdFiWEe5ehT7uEpo=,Fk0mso9PhMpvZoQ2k7PH7bRYlr0=
-14,-25,I9gRjisOuITBdFiWEe5ehT7uEpo=,sp0c5/cMAdZyeCBOCaoUFC5HhEg=
-14,-28,I9gRjisOuITBdFiWEe5ehT7uEpo=,sp0c5/cMAdZyeCBOCaoUFC5HhEg=
-12,-24,I9gRjisOuITBdFiWEe5ehT7uEpo=,OJFj+SYTKUm2Ab8eeEtou8w1CZA=
-16,-27,I9gRjisOuITBdFiWEe5ehT7uEpo=,sp0c5/cMAdZyeCBOCaoUFC5HhEg=
-15,-27,I9gRjisOuITBdFiWEe5ehT7uEpo=,sp0c5/cMAdZyeCBOCaoUFC5HhEg=
-14,-27,I9gRjisOuITBdFiWEe5ehT7uEpo=,sp0c5/cMAdZyeCBOCaoUFC5HhEg=
-15,-29,I9gRjisOuITBdFiWEe5ehT7uEpo=,sp0c5/cMAdZyeCBOCaoUFC5HhEg=
-16,-29,I9gRjisOuITBdFiWEe5ehT7uEpo=,sp0c5/cMAdZyeCBOCaoUFC5HhEg=
-13,-26,I9gRjisOuITBdFiWEe5ehT7uEpo=,sp0c5/cMAdZyeCBOCaoUFC5HhEg=
-12,-25,I9gRjisOuITBdFiWEe5ehT7uEpo=,sp0c5/cMAdZyeCBOCaoUFC5HhEg=
-14,-30,I9gRjisOuITBdFiWEe5ehT7uEpo=,sp0c5/cMAdZyeCBOCaoUFC5HhEg=
-13,-30,I9gRjisOuITBdFiWEe5ehT7uEpo=,sp0c5/cMAdZyeCBOCaoUFC5HhEg=
-15,-30,I9gRjisOuITBdFiWEe5ehT7uEpo=,sp0c5/cMAdZyeCBOCaoUFC5HhEg=
-12,-30,I9gRjisOuITBdFiWEe5ehT7uEpo=,Jq/jdmUzkzyotcLF2PF5lX6hqIg=
-14,-31,I9gRjisOuITBdFiWEe5ehT7uEpo=,sp0c5/cMAdZyeCBOCaoUFC5HhEg=
-12,-28,I9gRjisOuITBdFiWEe5ehT7uEpo=,sp0c5/cMAdZyeCBOCaoUFC5HhEg=
-14,-32,I9gRjisOuITBdFiWEe5ehT7uEpo=,sp0c5/cMAdZyeCBOCaoUFC5HhEg=
-13,-29,I9gRjisOuITBdFiWEe5ehT7uEpo=,sp0c5/cMAdZyeCBOCaoUFC5HhEg=
-15,-32,I9gRjisOuITBdFiWEe5ehT7uEpo=,sp0c5/cMAdZyeCBOCaoUFC5HhEg=
-15,-28,I9gRjisOuITBdFiWEe5ehT7uEpo=,sp0c5/cMAdZyeCBOCaoUFC5HhEg=
-16,-31,I9gRjisOuITBdFiWEe5ehT7uEpo=,sp0c5/cMAdZyeCBOCaoUFC5HhEg=
-12,-31,I9gRjisOuITBdFiWEe5ehT7uEpo=,Jq/jdmUzkzyotcLF2PF5lX6hqIg=
-13,-31,I9gRjisOuITBdFiWEe5ehT7uEpo=,sp0c5/cMAdZyeCBOCaoUFC5HhEg=
-13,-28,I9gRjisOuITBdFiWEe5ehT7uEpo=,sp0c5/cMAdZyeCBOCaoUFC5HhEg=
-12,-26,I9gRjisOuITBdFiWEe5ehT7uEpo=,sp0c5/cMAdZyeCBOCaoUFC5HhEg=
-14,-29,I9gRjisOuITBdFiWEe5ehT7uEpo=,sp0c5/cMAdZyeCBOCaoUFC5HhEg=
-15,-31,I9gRjisOuITBdFiWEe5ehT7uEpo=,sp0c5/cMAdZyeCBOCaoUFC5HhEg=
-16,-28,I9gRjisOuITBdFiWEe5ehT7uEpo=,sp0c5/cMAdZyeCBOCaoUFC5HhEg=
-16,-30,I9gRjisOuITBdFiWEe5ehT7uEpo=,sp0c5/cMAdZyeCBOCaoUFC5HhEg=
-15,-25,I9gRjisOuITBdFiWEe5ehT7uEpo=,sp0c5/cMAdZyeCBOCaoUFC5HhEg=
-6,-32,tvfS4p/7L3OqvAbgC/46UXiRPyY=,42DRbZBfHgOvZnVtI6xCVB+mQ/8=
-9,-32,9JzuRKunlQ5d0eNj7r78b4cOiPY=,Jq/jdmUzkzyotcLF2PF5lX6hqIg=
-13,-32,9JzuRKunlQ5d0eNj7r78b4cOiPY=,sp0c5/cMAdZyeCBOCaoUFC5HhEg=
-11,-32,9JzuRKunlQ5d0eNj7r78b4cOiPY=,Jq/jdmUzkzyotcLF2PF5lX6hqIg=
-12,-32,9JzuRKunlQ5d0eNj7r78b4cOiPY=,Jq/jdmUzkzyotcLF2PF5lX6hqIg=
-10,-32,9JzuRKunlQ5d0eNj7r78b4cOiPY=,Jq/jdmUzkzyotcLF2PF5lX6hqIg=
-5,-30,9JzuRKunlQ5d0eNj7r78b4cOiPY=,42DRbZBfHgOvZnVtI6xCVB+mQ/8=
-7,-32,9JzuRKunlQ5d0eNj7r78b4cOiPY=,42DRbZBfHgOvZnVtI6xCVB+mQ/8=
-8,-32,9JzuRKunlQ5d0eNj7r78b4cOiPY=,42DRbZBfHgOvZnVtI6xCVB+mQ/8=
-2,-30,9JzuRKunlQ5d0eNj7r78b4cOiPY=,zNFzU7xdFeUuh6v4KG1am8O+iWo=
-4,-30,9JzuRKunlQ5d0eNj7r78b4cOiPY=,zNFzU7xdFeUuh6v4KG1am8O+iWo=
-4,-25,9JzuRKunlQ5d0eNj7r78b4cOiPY=,AKjukYjPT7jCdR9/ffrJ/PrZU1E=
-3,-29,9JzuRKunlQ5d0eNj7r78b4cOiPY=,zNFzU7xdFeUuh6v4KG1am8O+iWo=
-5,-26,9JzuRKunlQ5d0eNj7r78b4cOiPY=,AKjukYjPT7jCdR9/ffrJ/PrZU1E=
-2,-31,9JzuRKunlQ5d0eNj7r78b4cOiPY=,zNFzU7xdFeUuh6v4KG1am8O+iWo=
-4,-31,9JzuRKunlQ5d0eNj7r78b4cOiPY=,zNFzU7xdFeUuh6v4KG1am8O+iWo=
-5,-24,9JzuRKunlQ5d0eNj7r78b4cOiPY=,V0qzWS/Ws9Lz44zpj/c5loU4Vxo=
-2,-27,9JzuRKunlQ5d0eNj7r78b4cOiPY=,AKjukYjPT7jCdR9/ffrJ/PrZU1E=
-4,-26,9JzuRKunlQ5d0eNj7r78b4cOiPY=,AKjukYjPT7jCdR9/ffrJ/PrZU1E=
-3,-27,9JzuRKunlQ5d0eNj7r78b4cOiPY=,AKjukYjPT7jCdR9/ffrJ/PrZU1E=
-2,-25,9JzuRKunlQ5d0eNj7r78b4cOiPY=,AKjukYjPT7jCdR9/ffrJ/PrZU1E=
-2,-28,9JzuRKunlQ5d0eNj7r78b4cOiPY=,AKjukYjPT7jCdR9/ffrJ/PrZU1E=
-3,-28,9JzuRKunlQ5d0eNj7r78b4cOiPY=,AKjukYjPT7jCdR9/ffrJ/PrZU1E=
-4,-29,9JzuRKunlQ5d0eNj7r78b4cOiPY=,zNFzU7xdFeUuh6v4KG1am8O+iWo=
-3,-26,9JzuRKunlQ5d0eNj7r78b4cOiPY=,AKjukYjPT7jCdR9/ffrJ/PrZU1E=
-4,-28,9JzuRKunlQ5d0eNj7r78b4cOiPY=,AKjukYjPT7jCdR9/ffrJ/PrZU1E=
-2,-26,9JzuRKunlQ5d0eNj7r78b4cOiPY=,AKjukYjPT7jCdR9/ffrJ/PrZU1E=
-5,-31,9JzuRKunlQ5d0eNj7r78b4cOiPY=,42DRbZBfHgOvZnVtI6xCVB+mQ/8=
-5,-28,9JzuRKunlQ5d0eNj7r78b4cOiPY=,AKjukYjPT7jCdR9/ffrJ/PrZU1E=
-2,-24,9JzuRKunlQ5d0eNj7r78b4cOiPY=,AKjukYjPT7jCdR9/ffrJ/PrZU1E=
-4,-27,9JzuRKunlQ5d0eNj7r78b4cOiPY=,AKjukYjPT7jCdR9/ffrJ/PrZU1E=
-4,-24,9JzuRKunlQ5d0eNj7r78b4cOiPY=,AKjukYjPT7jCdR9/ffrJ/PrZU1E=
-5,-29,9JzuRKunlQ5d0eNj7r78b4cOiPY=,42DRbZBfHgOvZnVtI6xCVB+mQ/8=
-3,-30,9JzuRKunlQ5d0eNj7r78b4cOiPY=,zNFzU7xdFeUuh6v4KG1am8O+iWo=
-3,-31,9JzuRKunlQ5d0eNj7r78b4cOiPY=,zNFzU7xdFeUuh6v4KG1am8O+iWo=
-3,-24,9JzuRKunlQ5d0eNj7r78b4cOiPY=,AKjukYjPT7jCdR9/ffrJ/PrZU1E=
-5,-27,9JzuRKunlQ5d0eNj7r78b4cOiPY=,AKjukYjPT7jCdR9/ffrJ/PrZU1E=
-5,-25,9JzuRKunlQ5d0eNj7r78b4cOiPY=,AKjukYjPT7jCdR9/ffrJ/PrZU1E=
-3,-25,9JzuRKunlQ5d0eNj7r78b4cOiPY=,AKjukYjPT7jCdR9/ffrJ/PrZU1E=
-2,-29,9JzuRKunlQ5d0eNj7r78b4cOiPY=,zNFzU7xdFeUuh6v4KG1am8O+iWo=
-1,-19,EnfYkyMFWQxIWKMGSr3lSbNYeb8=,asaH1EKtGWaiUquXK+b5TZf+wy0=
-1,-30,EnfYkyMFWQxIWKMGSr3lSbNYeb8=,zNFzU7xdFeUuh6v4KG1am8O+iWo=
-1,-18,EnfYkyMFWQxIWKMGSr3lSbNYeb8=,asaH1EKtGWaiUquXK+b5TZf+wy0=
-1,-20,EnfYkyMFWQxIWKMGSr3lSbNYeb8=,asaH1EKtGWaiUquXK+b5TZf+wy0=
-1,-31,EnfYkyMFWQxIWKMGSr3lSbNYeb8=,zNFzU7xdFeUuh6v4KG1am8O+iWo=
-1,-25,EnfYkyMFWQxIWKMGSr3lSbNYeb8=,AKjukYjPT7jCdR9/ffrJ/PrZU1E=
-1,-22,EnfYkyMFWQxIWKMGSr3lSbNYeb8=,AKjukYjPT7jCdR9/ffrJ/PrZU1E=
-1,-26,EnfYkyMFWQxIWKMGSr3lSbNYeb8=,AKjukYjPT7jCdR9/ffrJ/PrZU1E=
-1,-21,EnfYkyMFWQxIWKMGSr3lSbNYeb8=,AKjukYjPT7jCdR9/ffrJ/PrZU1E=
-1,-23,EnfYkyMFWQxIWKMGSr3lSbNYeb8=,AKjukYjPT7jCdR9/ffrJ/PrZU1E=
-1,-29,EnfYkyMFWQxIWKMGSr3lSbNYeb8=,zNFzU7xdFeUuh6v4KG1am8O+iWo=
-1,-28,EnfYkyMFWQxIWKMGSr3lSbNYeb8=,AKjukYjPT7jCdR9/ffrJ/PrZU1E=
-1,-27,EnfYkyMFWQxIWKMGSr3lSbNYeb8=,AKjukYjPT7jCdR9/ffrJ/PrZU1E=
-1,-24,EnfYkyMFWQxIWKMGSr3lSbNYeb8=,AKjukYjPT7jCdR9/ffrJ/PrZU1E=
-9,-17,03X2AzQMZlcKmOlDBN2eP/SJUc0=,ECkTXY7zrqhI3s10mMkbuz5wzek=
-8,-17,03X2AzQMZlcKmOlDBN2eP/SJUc0=,ECkTXY7zrqhI3s10mMkbuz5wzek=
-7,-17,03X2AzQMZlcKmOlDBN2eP/SJUc0=,ECkTXY7zrqhI3s10mMkbuz5wzek=
-11,-17,03X2AzQMZlcKmOlDBN2eP/SJUc0=,ECkTXY7zrqhI3s10mMkbuz5wzek=
-10,-17,03X2AzQMZlcKmOlDBN2eP/SJUc0=,ECkTXY7zrqhI3s10mMkbuz5wzek=
-6,-17,03X2AzQMZlcKmOlDBN2eP/SJUc0=,ECkTXY7zrqhI3s10mMkbuz5wzek=
-15,-17,03X2AzQMZlcKmOlDBN2eP/SJUc0=,Fk0mso9PhMpvZoQ2k7PH7bRYlr0=
-14,-17,03X2AzQMZlcKmOlDBN2eP/SJUc0=,Fk0mso9PhMpvZoQ2k7PH7bRYlr0=
-5,-17,03X2AzQMZlcKmOlDBN2eP/SJUc0=,ECkTXY7zrqhI3s10mMkbuz5wzek=
-4,-17,03X2AzQMZlcKmOlDBN2eP/SJUc0=,asaH1EKtGWaiUquXK+b5TZf+wy0=
-13,-17,03X2AzQMZlcKmOlDBN2eP/SJUc0=,Fk0mso9PhMpvZoQ2k7PH7bRYlr0=
-2,-17,03X2AzQMZlcKmOlDBN2eP/SJUc0=,asaH1EKtGWaiUquXK+b5TZf+wy0=
-12,-17,03X2AzQMZlcKmOlDBN2eP/SJUc0=,ECkTXY7zrqhI3s10mMkbuz5wzek=
-3,-17,03X2AzQMZlcKmOlDBN2eP/SJUc0=,asaH1EKtGWaiUquXK+b5TZf+wy0=
-16,-17,SH37uwDe3OFRuDgrh8uFx2ziMoU=,Fk0mso9PhMpvZoQ2k7PH7bRYlr0=
-2,-32,SH37uwDe3OFRuDgrh8uFx2ziMoU=,zNFzU7xdFeUuh6v4KG1am8O+iWo=
-16,-32,SH37uwDe3OFRuDgrh8uFx2ziMoU=,sp0c5/cMAdZyeCBOCaoUFC5HhEg=
-1,-32,SH37uwDe3OFRuDgrh8uFx2ziMoU=,zNFzU7xdFeUuh6v4KG1am8O+iWo=
-1,-17,SH37uwDe3OFRuDgrh8uFx2ziMoU=,asaH1EKtGWaiUquXK+b5TZf+wy0=
-5,-32,SH37uwDe3OFRuDgrh8uFx2ziMoU=,42DRbZBfHgOvZnVtI6xCVB+mQ/8=
-4,-32,SH37uwDe3OFRuDgrh8uFx2ziMoU=,zNFzU7xdFeUuh6v4KG1am8O+iWo=
-3,-32,SH37uwDe3OFRuDgrh8uFx2ziMoU=,zNFzU7xdFeUuh6v4KG1am8O+iWo=
-27,-23,d6teiuOd3/4dosyFZfJcQ9gWtv8=,oO4hI1VGE35YxOvPFV8dTVblU7Y=
-26,-23,d6teiuOd3/4dosyFZfJcQ9gWtv8=,oO4hI1VGE35YxOvPFV8dTVblU7Y=
-27,-22,d6teiuOd3/4dosyFZfJcQ9gWtv8=,oO4hI1VGE35YxOvPFV8dTVblU7Y=
-26,-22,d6teiuOd3/4dosyFZfJcQ9gWtv8=,oO4hI1VGE35YxOvPFV8dTVblU7Y=
-26,-19,d6teiuOd3/4dosyFZfJcQ9gWtv8=,C4VcZ93nTD0fZ6DuAPxtpYCk2FE=
-26,-18,d6teiuOd3/4dosyFZfJcQ9gWtv8=,C4VcZ93nTD0fZ6DuAPxtpYCk2FE=
-27,-18,d6teiuOd3/4dosyFZfJcQ9gWtv8=,C4VcZ93nTD0fZ6DuAPxtpYCk2FE=
-27,-21,d6teiuOd3/4dosyFZfJcQ9gWtv8=,oO4hI1VGE35YxOvPFV8dTVblU7Y=
-28,-23,d6teiuOd3/4dosyFZfJcQ9gWtv8=,oO4hI1VGE35YxOvPFV8dTVblU7Y=
-27,-19,d6teiuOd3/4dosyFZfJcQ9gWtv8=,C4VcZ93nTD0fZ6DuAPxtpYCk2FE=
-30,-22,d6teiuOd3/4dosyFZfJcQ9gWtv8=,oO4hI1VGE35YxOvPFV8dTVblU7Y=
-26,-21,d6teiuOd3/4dosyFZfJcQ9gWtv8=,oO4hI1VGE35YxOvPFV8dTVblU7Y=
-29,-22,d6teiuOd3/4dosyFZfJcQ9gWtv8=,oO4hI1VGE35YxOvPFV8dTVblU7Y=
-27,-20,d6teiuOd3/4dosyFZfJcQ9gWtv8=,C4VcZ93nTD0fZ6DuAPxtpYCk2FE=
-31,-22,d6teiuOd3/4dosyFZfJcQ9gWtv8=,oO4hI1VGE35YxOvPFV8dTVblU7Y=
-29,-23,d6teiuOd3/4dosyFZfJcQ9gWtv8=,oO4hI1VGE35YxOvPFV8dTVblU7Y=
-31,-23,d6teiuOd3/4dosyFZfJcQ9gWtv8=,oO4hI1VGE35YxOvPFV8dTVblU7Y=
-26,-20,d6teiuOd3/4dosyFZfJcQ9gWtv8=,C4VcZ93nTD0fZ6DuAPxtpYCk2FE=
-30,-23,d6teiuOd3/4dosyFZfJcQ9gWtv8=,oO4hI1VGE35YxOvPFV8dTVblU7Y=
-28,-22,d6teiuOd3/4dosyFZfJcQ9gWtv8=,oO4hI1VGE35YxOvPFV8dTVblU7Y=
-31,-21,d6teiuOd3/4dosyFZfJcQ9gWtv8=,oO4hI1VGE35YxOvPFV8dTVblU7Y=
-28,-18,d6teiuOd3/4dosyFZfJcQ9gWtv8=,C4VcZ93nTD0fZ6DuAPxtpYCk2FE=
-29,-18,d6teiuOd3/4dosyFZfJcQ9gWtv8=,F/X9u12xrSMVQa6HndPzzzAmpBo=
-31,-18,d6teiuOd3/4dosyFZfJcQ9gWtv8=,F/X9u12xrSMVQa6HndPzzzAmpBo=
-28,-19,d6teiuOd3/4dosyFZfJcQ9gWtv8=,C4VcZ93nTD0fZ6DuAPxtpYCk2FE=
-30,-18,d6teiuOd3/4dosyFZfJcQ9gWtv8=,F/X9u12xrSMVQa6HndPzzzAmpBo=
-29,-20,d6teiuOd3/4dosyFZfJcQ9gWtv8=,F/X9u12xrSMVQa6HndPzzzAmpBo=
-30,-20,d6teiuOd3/4dosyFZfJcQ9gWtv8=,F/X9u12xrSMVQa6HndPzzzAmpBo=
-30,-19,d6teiuOd3/4dosyFZfJcQ9gWtv8=,F/X9u12xrSMVQa6HndPzzzAmpBo=
-29,-19,d6teiuOd3/4dosyFZfJcQ9gWtv8=,F/X9u12xrSMVQa6HndPzzzAmpBo=
-28,-20,d6teiuOd3/4dosyFZfJcQ9gWtv8=,C4VcZ93nTD0fZ6DuAPxtpYCk2FE=
-28,-21,d6teiuOd3/4dosyFZfJcQ9gWtv8=,oO4hI1VGE35YxOvPFV8dTVblU7Y=
-30,-21,d6teiuOd3/4dosyFZfJcQ9gWtv8=,oO4hI1VGE35YxOvPFV8dTVblU7Y=
-31,-19,d6teiuOd3/4dosyFZfJcQ9gWtv8=,F/X9u12xrSMVQa6HndPzzzAmpBo=
-31,-20,d6teiuOd3/4dosyFZfJcQ9gWtv8=,F/X9u12xrSMVQa6HndPzzzAmpBo=
-29,-21,d6teiuOd3/4dosyFZfJcQ9gWtv8=,oO4hI1VGE35YxOvPFV8dTVblU7Y=
-27,-31,SkAVZxdWGwCb6/MO40+5L2sFmPs=,bhD01jF3Px0se4YBO+mkS6uilhw=
-26,-31,SkAVZxdWGwCb6/MO40+5L2sFmPs=,bhD01jF3Px0se4YBO+mkS6uilhw=
-27,-29,SkAVZxdWGwCb6/MO40+5L2sFmPs=,bhD01jF3Px0se4YBO+mkS6uilhw=
-26,-24,SkAVZxdWGwCb6/MO40+5L2sFmPs=,oO4hI1VGE35YxOvPFV8dTVblU7Y=
-27,-30,SkAVZxdWGwCb6/MO40+5L2sFmPs=,bhD01jF3Px0se4YBO+mkS6uilhw=
-26,-28,SkAVZxdWGwCb6/MO40+5L2sFmPs=,MAx6PeYH6HurDTqxEf1YleQOSlU=
-27,-26,SkAVZxdWGwCb6/MO40+5L2sFmPs=,MAx6PeYH6HurDTqxEf1YleQOSlU=
-26,-25,SkAVZxdWGwCb6/MO40+5L2sFmPs=,MAx6PeYH6HurDTqxEf1YleQOSlU=
-27,-27,SkAVZxdWGwCb6/MO40+5L2sFmPs=,MAx6PeYH6HurDTqxEf1YleQOSlU=
-27,-28,SkAVZxdWGwCb6/MO40+5L2sFmPs=,MAx6PeYH6HurDTqxEf1YleQOSlU=
-26,-27,SkAVZxdWGwCb6/MO40+5L2sFmPs=,MAx6PeYH6HurDTqxEf1YleQOSlU=
-26,-30,SkAVZxdWGwCb6/MO40+5L2sFmPs=,bhD01jF3Px0se4YBO+mkS6uilhw=
-26,-26,SkAVZxdWGwCb6/MO40+5L2sFmPs=,MAx6PeYH6HurDTqxEf1YleQOSlU=
-27,-24,SkAVZxdWGwCb6/MO40+5L2sFmPs=,oO4hI1VGE35YxOvPFV8dTVblU7Y=
-26,-29,SkAVZxdWGwCb6/MO40+5L2sFmPs=,bhD01jF3Px0se4YBO+mkS6uilhw=
-28,-26,SkAVZxdWGwCb6/MO40+5L2sFmPs=,MAx6PeYH6HurDTqxEf1YleQOSlU=
-31,-25,SkAVZxdWGwCb6/MO40+5L2sFmPs=,vLis+GhLFJZHj1hzscipS5kO2ws=
-30,-26,SkAVZxdWGwCb6/MO40+5L2sFmPs=,vLis+GhLFJZHj1hzscipS5kO2ws=
-30,-24,SkAVZxdWGwCb6/MO40+5L2sFmPs=,oO4hI1VGE35YxOvPFV8dTVblU7Y=
-31,-24,SkAVZxdWGwCb6/MO40+5L2sFmPs=,oO4hI1VGE35YxOvPFV8dTVblU7Y=
-27,-25,SkAVZxdWGwCb6/MO40+5L2sFmPs=,MAx6PeYH6HurDTqxEf1YleQOSlU=
-31,-26,SkAVZxdWGwCb6/MO40+5L2sFmPs=,vLis+GhLFJZHj1hzscipS5kO2ws=
-29,-26,SkAVZxdWGwCb6/MO40+5L2sFmPs=,vLis+GhLFJZHj1hzscipS5kO2ws=
-29,-27,SkAVZxdWGwCb6/MO40+5L2sFmPs=,vLis+GhLFJZHj1hzscipS5kO2ws=
-30,-27,SkAVZxdWGwCb6/MO40+5L2sFmPs=,vLis+GhLFJZHj1hzscipS5kO2ws=
-30,-25,SkAVZxdWGwCb6/MO40+5L2sFmPs=,vLis+GhLFJZHj1hzscipS5kO2ws=
-31,-27,SkAVZxdWGwCb6/MO40+5L2sFmPs=,vLis+GhLFJZHj1hzscipS5kO2ws=
-29,-24,SkAVZxdWGwCb6/MO40+5L2sFmPs=,oO4hI1VGE35YxOvPFV8dTVblU7Y=
-29,-25,SkAVZxdWGwCb6/MO40+5L2sFmPs=,vLis+GhLFJZHj1hzscipS5kO2ws=
-28,-24,SkAVZxdWGwCb6/MO40+5L2sFmPs=,oO4hI1VGE35YxOvPFV8dTVblU7Y=
-28,-27,SkAVZxdWGwCb6/MO40+5L2sFmPs=,MAx6PeYH6HurDTqxEf1YleQOSlU=
-28,-25,SkAVZxdWGwCb6/MO40+5L2sFmPs=,MAx6PeYH6HurDTqxEf1YleQOSlU=
-29,-28,SkAVZxdWGwCb6/MO40+5L2sFmPs=,vLis+GhLFJZHj1hzscipS5kO2ws=
-30,-28,SkAVZxdWGwCb6/MO40+5L2sFmPs=,vLis+GhLFJZHj1hzscipS5kO2ws=
-28,-31,SkAVZxdWGwCb6/MO40+5L2sFmPs=,bhD01jF3Px0se4YBO+mkS6uilhw=
-29,-29,SkAVZxdWGwCb6/MO40+5L2sFmPs=,gtyzswBNaH2FynPvWKm3Vmft5lU=
-30,-29,SkAVZxdWGwCb6/MO40+5L2sFmPs=,gtyzswBNaH2FynPvWKm3Vmft5lU=
-31,-30,SkAVZxdWGwCb6/MO40+5L2sFmPs=,gtyzswBNaH2FynPvWKm3Vmft5lU=
-31,-29,SkAVZxdWGwCb6/MO40+5L2sFmPs=,gtyzswBNaH2FynPvWKm3Vmft5lU=
-30,-31,SkAVZxdWGwCb6/MO40+5L2sFmPs=,gtyzswBNaH2FynPvWKm3Vmft5lU=
-29,-31,SkAVZxdWGwCb6/MO40+5L2sFmPs=,gtyzswBNaH2FynPvWKm3Vmft5lU=
-30,-30,SkAVZxdWGwCb6/MO40+5L2sFmPs=,gtyzswBNaH2FynPvWKm3Vmft5lU=
-31,-31,SkAVZxdWGwCb6/MO40+5L2sFmPs=,gtyzswBNaH2FynPvWKm3Vmft5lU=
-28,-28,SkAVZxdWGwCb6/MO40+5L2sFmPs=,MAx6PeYH6HurDTqxEf1YleQOSlU=
-28,-30,SkAVZxdWGwCb6/MO40+5L2sFmPs=,bhD01jF3Px0se4YBO+mkS6uilhw=
-31,-28,SkAVZxdWGwCb6/MO40+5L2sFmPs=,vLis+GhLFJZHj1hzscipS5kO2ws=
-29,-30,SkAVZxdWGwCb6/MO40+5L2sFmPs=,gtyzswBNaH2FynPvWKm3Vmft5lU=
-28,-29,SkAVZxdWGwCb6/MO40+5L2sFmPs=,bhD01jF3Px0se4YBO+mkS6uilhw=
-25,-30,wcPVZnDDLWp6fgJnZd5LyWQ84L8=,bhD01jF3Px0se4YBO+mkS6uilhw=
-25,-31,wcPVZnDDLWp6fgJnZd5LyWQ84L8=,bhD01jF3Px0se4YBO+mkS6uilhw=
-19,-30,wcPVZnDDLWp6fgJnZd5LyWQ84L8=,Jq/jdmUzkzyotcLF2PF5lX6hqIg=
-21,-31,wcPVZnDDLWp6fgJnZd5LyWQ84L8=,Jq/jdmUzkzyotcLF2PF5lX6hqIg=
-24,-30,wcPVZnDDLWp6fgJnZd5LyWQ84L8=,Jq/jdmUzkzyotcLF2PF5lX6hqIg=
-19,-31,wcPVZnDDLWp6fgJnZd5LyWQ84L8=,Jq/jdmUzkzyotcLF2PF5lX6hqIg=
-22,-31,wcPVZnDDLWp6fgJnZd5LyWQ84L8=,Jq/jdmUzkzyotcLF2PF5lX6hqIg=
-18,-31,wcPVZnDDLWp6fgJnZd5LyWQ84L8=,Jq/jdmUzkzyotcLF2PF5lX6hqIg=
-21,-30,wcPVZnDDLWp6fgJnZd5LyWQ84L8=,Jq/jdmUzkzyotcLF2PF5lX6hqIg=
-24,-31,wcPVZnDDLWp6fgJnZd5LyWQ84L8=,Jq/jdmUzkzyotcLF2PF5lX6hqIg=
-20,-31,wcPVZnDDLWp6fgJnZd5LyWQ84L8=,Jq/jdmUzkzyotcLF2PF5lX6hqIg=
-18,-30,wcPVZnDDLWp6fgJnZd5LyWQ84L8=,Jq/jdmUzkzyotcLF2PF5lX6hqIg=
-20,-30,wcPVZnDDLWp6fgJnZd5LyWQ84L8=,Jq/jdmUzkzyotcLF2PF5lX6hqIg=
-22,-29,wcPVZnDDLWp6fgJnZd5LyWQ84L8=,Jq/jdmUzkzyotcLF2PF5lX6hqIg=
-22,-28,wcPVZnDDLWp6fgJnZd5LyWQ84L8=,sp0c5/cMAdZyeCBOCaoUFC5HhEg=
-24,-29,wcPVZnDDLWp6fgJnZd5LyWQ84L8=,Jq/jdmUzkzyotcLF2PF5lX6hqIg=
-24,-26,wcPVZnDDLWp6fgJnZd5LyWQ84L8=,sp0c5/cMAdZyeCBOCaoUFC5HhEg=
-23,-26,wcPVZnDDLWp6fgJnZd5LyWQ84L8=,sp0c5/cMAdZyeCBOCaoUFC5HhEg=
-23,-29,wcPVZnDDLWp6fgJnZd5LyWQ84L8=,Jq/jdmUzkzyotcLF2PF5lX6hqIg=
-22,-26,wcPVZnDDLWp6fgJnZd5LyWQ84L8=,sp0c5/cMAdZyeCBOCaoUFC5HhEg=
-22,-30,wcPVZnDDLWp6fgJnZd5LyWQ84L8=,Jq/jdmUzkzyotcLF2PF5lX6hqIg=
-23,-27,wcPVZnDDLWp6fgJnZd5LyWQ84L8=,sp0c5/cMAdZyeCBOCaoUFC5HhEg=
-23,-30,wcPVZnDDLWp6fgJnZd5LyWQ84L8=,Jq/jdmUzkzyotcLF2PF5lX6hqIg=
-25,-29,wcPVZnDDLWp6fgJnZd5LyWQ84L8=,bhD01jF3Px0se4YBO+mkS6uilhw=
-22,-27,wcPVZnDDLWp6fgJnZd5LyWQ84L8=,sp0c5/cMAdZyeCBOCaoUFC5HhEg=
-25,-27,wcPVZnDDLWp6fgJnZd5LyWQ84L8=,MAx6PeYH6HurDTqxEf1YleQOSlU=
-23,-28,wcPVZnDDLWp6fgJnZd5LyWQ84L8=,sp0c5/cMAdZyeCBOCaoUFC5HhEg=
-24,-28,wcPVZnDDLWp6fgJnZd5LyWQ84L8=,sp0c5/cMAdZyeCBOCaoUFC5HhEg=
-25,-28,wcPVZnDDLWp6fgJnZd5LyWQ84L8=,MAx6PeYH6HurDTqxEf1YleQOSlU=
-23,-31,wcPVZnDDLWp6fgJnZd5LyWQ84L8=,Jq/jdmUzkzyotcLF2PF5lX6hqIg=
-24,-27,wcPVZnDDLWp6fgJnZd5LyWQ84L8=,sp0c5/cMAdZyeCBOCaoUFC5HhEg=
-21,-27,wcPVZnDDLWp6fgJnZd5LyWQ84L8=,sp0c5/cMAdZyeCBOCaoUFC5HhEg=
-18,-26,wcPVZnDDLWp6fgJnZd5LyWQ84L8=,sp0c5/cMAdZyeCBOCaoUFC5HhEg=
-19,-29,wcPVZnDDLWp6fgJnZd5LyWQ84L8=,Jq/jdmUzkzyotcLF2PF5lX6hqIg=
-20,-29,wcPVZnDDLWp6fgJnZd5LyWQ84L8=,Jq/jdmUzkzyotcLF2PF5lX6hqIg=
-19,-26,wcPVZnDDLWp6fgJnZd5LyWQ84L8=,sp0c5/cMAdZyeCBOCaoUFC5HhEg=
-20,-26,wcPVZnDDLWp6fgJnZd5LyWQ84L8=,sp0c5/cMAdZyeCBOCaoUFC5HhEg=
-21,-28,wcPVZnDDLWp6fgJnZd5LyWQ84L8=,sp0c5/cMAdZyeCBOCaoUFC5HhEg=
-19,-27,wcPVZnDDLWp6fgJnZd5LyWQ84L8=,sp0c5/cMAdZyeCBOCaoUFC5HhEg=
-18,-27,wcPVZnDDLWp6fgJnZd5LyWQ84L8=,sp0c5/cMAdZyeCBOCaoUFC5HhEg=
-19,-28,wcPVZnDDLWp6fgJnZd5LyWQ84L8=,sp0c5/cMAdZyeCBOCaoUFC5HhEg=
-18,-29,wcPVZnDDLWp6fgJnZd5LyWQ84L8=,Jq/jdmUzkzyotcLF2PF5lX6hqIg=
-21,-29,wcPVZnDDLWp6fgJnZd5LyWQ84L8=,Jq/jdmUzkzyotcLF2PF5lX6hqIg=
-18,-28,wcPVZnDDLWp6fgJnZd5LyWQ84L8=,sp0c5/cMAdZyeCBOCaoUFC5HhEg=
-20,-27,wcPVZnDDLWp6fgJnZd5LyWQ84L8=,sp0c5/cMAdZyeCBOCaoUFC5HhEg=
-20,-28,wcPVZnDDLWp6fgJnZd5LyWQ84L8=,sp0c5/cMAdZyeCBOCaoUFC5HhEg=
-21,-26,wcPVZnDDLWp6fgJnZd5LyWQ84L8=,sp0c5/cMAdZyeCBOCaoUFC5HhEg=
-25,-26,wcPVZnDDLWp6fgJnZd5LyWQ84L8=,MAx6PeYH6HurDTqxEf1YleQOSlU=
-19,-18,sIW8lh7efcvF1pUAgVw+Ry/+SvU=,U6sZQ7t0uKHOD6eXvPMEWN8Y/1I=
-19,-19,sIW8lh7efcvF1pUAgVw+Ry/+SvU=,U6sZQ7t0uKHOD6eXvPMEWN8Y/1I=
-24,-18,sIW8lh7efcvF1pUAgVw+Ry/+SvU=,VsjQK3+w3KKgJDWl62pNXo2RrcU=
-25,-18,sIW8lh7efcvF1pUAgVw+Ry/+SvU=,C4VcZ93nTD0fZ6DuAPxtpYCk2FE=
-18,-18,sIW8lh7efcvF1pUAgVw+Ry/+SvU=,U6sZQ7t0uKHOD6eXvPMEWN8Y/1I=
-21,-19,sIW8lh7efcvF1pUAgVw+Ry/+SvU=,VsjQK3+w3KKgJDWl62pNXo2RrcU=
-18,-19,sIW8lh7efcvF1pUAgVw+Ry/+SvU=,U6sZQ7t0uKHOD6eXvPMEWN8Y/1I=
-25,-19,sIW8lh7efcvF1pUAgVw+Ry/+SvU=,C4VcZ93nTD0fZ6DuAPxtpYCk2FE=
-24,-19,sIW8lh7efcvF1pUAgVw+Ry/+SvU=,VsjQK3+w3KKgJDWl62pNXo2RrcU=
-20,-19,sIW8lh7efcvF1pUAgVw+Ry/+SvU=,U6sZQ7t0uKHOD6eXvPMEWN8Y/1I=
-23,-19,sIW8lh7efcvF1pUAgVw+Ry/+SvU=,VsjQK3+w3KKgJDWl62pNXo2RrcU=
-22,-19,sIW8lh7efcvF1pUAgVw+Ry/+SvU=,VsjQK3+w3KKgJDWl62pNXo2RrcU=
-21,-18,sIW8lh7efcvF1pUAgVw+Ry/+SvU=,VsjQK3+w3KKgJDWl62pNXo2RrcU=
-22,-18,sIW8lh7efcvF1pUAgVw+Ry/+SvU=,VsjQK3+w3KKgJDWl62pNXo2RrcU=
-23,-18,sIW8lh7efcvF1pUAgVw+Ry/+SvU=,VsjQK3+w3KKgJDWl62pNXo2RrcU=
-19,-21,sIW8lh7efcvF1pUAgVw+Ry/+SvU=,TvreMgRliiOmoRhXxuWtA0X4Hpk=
-20,-18,sIW8lh7efcvF1pUAgVw+Ry/+SvU=,U6sZQ7t0uKHOD6eXvPMEWN8Y/1I=
-19,-20,sIW8lh7efcvF1pUAgVw+Ry/+SvU=,U6sZQ7t0uKHOD6eXvPMEWN8Y/1I=
-19,-22,sIW8lh7efcvF1pUAgVw+Ry/+SvU=,TvreMgRliiOmoRhXxuWtA0X4Hpk=
-18,-25,sIW8lh7efcvF1pUAgVw+Ry/+SvU=,sp0c5/cMAdZyeCBOCaoUFC5HhEg=
-18,-24,sIW8lh7efcvF1pUAgVw+Ry/+SvU=,TvreMgRliiOmoRhXxuWtA0X4Hpk=
-18,-23,sIW8lh7efcvF1pUAgVw+Ry/+SvU=,TvreMgRliiOmoRhXxuWtA0X4Hpk=
-18,-20,sIW8lh7efcvF1pUAgVw+Ry/+SvU=,U6sZQ7t0uKHOD6eXvPMEWN8Y/1I=
-19,-25,sIW8lh7efcvF1pUAgVw+Ry/+SvU=,sp0c5/cMAdZyeCBOCaoUFC5HhEg=
-19,-24,sIW8lh7efcvF1pUAgVw+Ry/+SvU=,TvreMgRliiOmoRhXxuWtA0X4Hpk=
-23,-24,sIW8lh7efcvF1pUAgVw+Ry/+SvU=,jxUWYz11b9TiPNS25P+e6fqTte0=
-20,-23,sIW8lh7efcvF1pUAgVw+Ry/+SvU=,TvreMgRliiOmoRhXxuWtA0X4Hpk=
-18,-22,sIW8lh7efcvF1pUAgVw+Ry/+SvU=,TvreMgRliiOmoRhXxuWtA0X4Hpk=
-19,-23,sIW8lh7efcvF1pUAgVw+Ry/+SvU=,TvreMgRliiOmoRhXxuWtA0X4Hpk=
-24,-24,sIW8lh7efcvF1pUAgVw+Ry/+SvU=,jxUWYz11b9TiPNS25P+e6fqTte0=
-18,-21,sIW8lh7efcvF1pUAgVw+Ry/+SvU=,TvreMgRliiOmoRhXxuWtA0X4Hpk=
-20,-21,sIW8lh7efcvF1pUAgVw+Ry/+SvU=,TvreMgRliiOmoRhXxuWtA0X4Hpk=
-25,-22,sIW8lh7efcvF1pUAgVw+Ry/+SvU=,oO4hI1VGE35YxOvPFV8dTVblU7Y=
-24,-23,sIW8lh7efcvF1pUAgVw+Ry/+SvU=,jxUWYz11b9TiPNS25P+e6fqTte0=
-25,-23,sIW8lh7efcvF1pUAgVw+Ry/+SvU=,oO4hI1VGE35YxOvPFV8dTVblU7Y=
-25,-21,sIW8lh7efcvF1pUAgVw+Ry/+SvU=,oO4hI1VGE35YxOvPFV8dTVblU7Y=
-25,-20,sIW8lh7efcvF1pUAgVw+Ry/+SvU=,C4VcZ93nTD0fZ6DuAPxtpYCk2FE=
-20,-25,sIW8lh7efcvF1pUAgVw+Ry/+SvU=,sp0c5/cMAdZyeCBOCaoUFC5HhEg=
-23,-23,sIW8lh7efcvF1pUAgVw+Ry/+SvU=,jxUWYz11b9TiPNS25P+e6fqTte0=
-20,-20,sIW8lh7efcvF1pUAgVw+Ry/+SvU=,U6sZQ7t0uKHOD6eXvPMEWN8Y/1I=
-21,-20,sIW8lh7efcvF1pUAgVw+Ry/+SvU=,VsjQK3+w3KKgJDWl62pNXo2RrcU=
-25,-24,sIW8lh7efcvF1pUAgVw+Ry/+SvU=,oO4hI1VGE35YxOvPFV8dTVblU7Y=
-24,-22,sIW8lh7efcvF1pUAgVw+Ry/+SvU=,jxUWYz11b9TiPNS25P+e6fqTte0=
-20,-24,sIW8lh7efcvF1pUAgVw+Ry/+SvU=,TvreMgRliiOmoRhXxuWtA0X4Hpk=
-21,-24,sIW8lh7efcvF1pUAgVw+Ry/+SvU=,jxUWYz11b9TiPNS25P+e6fqTte0=
-20,-22,sIW8lh7efcvF1pUAgVw+Ry/+SvU=,TvreMgRliiOmoRhXxuWtA0X4Hpk=
-22,-20,sIW8lh7efcvF1pUAgVw+Ry/+SvU=,VsjQK3+w3KKgJDWl62pNXo2RrcU=
-23,-20,sIW8lh7efcvF1pUAgVw+Ry/+SvU=,VsjQK3+w3KKgJDWl62pNXo2RrcU=
-25,-25,sIW8lh7efcvF1pUAgVw+Ry/+SvU=,MAx6PeYH6HurDTqxEf1YleQOSlU=
-21,-23,sIW8lh7efcvF1pUAgVw+Ry/+SvU=,jxUWYz11b9TiPNS25P+e6fqTte0=
-24,-20,sIW8lh7efcvF1pUAgVw+Ry/+SvU=,VsjQK3+w3KKgJDWl62pNXo2RrcU=
-21,-21,sIW8lh7efcvF1pUAgVw+Ry/+SvU=,jxUWYz11b9TiPNS25P+e6fqTte0=
-21,-25,sIW8lh7efcvF1pUAgVw+Ry/+SvU=,sp0c5/cMAdZyeCBOCaoUFC5HhEg=
-24,-25,sIW8lh7efcvF1pUAgVw+Ry/+SvU=,sp0c5/cMAdZyeCBOCaoUFC5HhEg=
-22,-21,sIW8lh7efcvF1pUAgVw+Ry/+SvU=,jxUWYz11b9TiPNS25P+e6fqTte0=
-24,-21,sIW8lh7efcvF1pUAgVw+Ry/+SvU=,jxUWYz11b9TiPNS25P+e6fqTte0=
-22,-25,sIW8lh7efcvF1pUAgVw+Ry/+SvU=,sp0c5/cMAdZyeCBOCaoUFC5HhEg=
-22,-24,sIW8lh7efcvF1pUAgVw+Ry/+SvU=,jxUWYz11b9TiPNS25P+e6fqTte0=
-22,-23,sIW8lh7efcvF1pUAgVw+Ry/+SvU=,jxUWYz11b9TiPNS25P+e6fqTte0=
-23,-22,sIW8lh7efcvF1pUAgVw+Ry/+SvU=,jxUWYz11b9TiPNS25P+e6fqTte0=
-21,-22,sIW8lh7efcvF1pUAgVw+Ry/+SvU=,jxUWYz11b9TiPNS25P+e6fqTte0=
-22,-22,sIW8lh7efcvF1pUAgVw+Ry/+SvU=,jxUWYz11b9TiPNS25P+e6fqTte0=
-23,-21,sIW8lh7efcvF1pUAgVw+Ry/+SvU=,jxUWYz11b9TiPNS25P+e6fqTte0=
-23,-25,sIW8lh7efcvF1pUAgVw+Ry/+SvU=,sp0c5/cMAdZyeCBOCaoUFC5HhEg=
-17,-31,swJh57nTTY/ccOc7HFETYIkwfiE=,Jq/jdmUzkzyotcLF2PF5lX6hqIg=
-17,-26,swJh57nTTY/ccOc7HFETYIkwfiE=,sp0c5/cMAdZyeCBOCaoUFC5HhEg=
-17,-30,swJh57nTTY/ccOc7HFETYIkwfiE=,Jq/jdmUzkzyotcLF2PF5lX6hqIg=
-17,-28,swJh57nTTY/ccOc7HFETYIkwfiE=,sp0c5/cMAdZyeCBOCaoUFC5HhEg=
-17,-29,swJh57nTTY/ccOc7HFETYIkwfiE=,Jq/jdmUzkzyotcLF2PF5lX6hqIg=
-17,-18,swJh57nTTY/ccOc7HFETYIkwfiE=,U6sZQ7t0uKHOD6eXvPMEWN8Y/1I=
-17,-24,swJh57nTTY/ccOc7HFETYIkwfiE=,TvreMgRliiOmoRhXxuWtA0X4Hpk=
-17,-25,swJh57nTTY/ccOc7HFETYIkwfiE=,sp0c5/cMAdZyeCBOCaoUFC5HhEg=
-17,-22,swJh57nTTY/ccOc7HFETYIkwfiE=,TvreMgRliiOmoRhXxuWtA0X4Hpk=
-17,-21,swJh57nTTY/ccOc7HFETYIkwfiE=,TvreMgRliiOmoRhXxuWtA0X4Hpk=
-17,-23,swJh57nTTY/ccOc7HFETYIkwfiE=,TvreMgRliiOmoRhXxuWtA0X4Hpk=
-17,-20,swJh57nTTY/ccOc7HFETYIkwfiE=,U6sZQ7t0uKHOD6eXvPMEWN8Y/1I=
-17,-19,swJh57nTTY/ccOc7HFETYIkwfiE=,U6sZQ7t0uKHOD6eXvPMEWN8Y/1I=
-17,-27,swJh57nTTY/ccOc7HFETYIkwfiE=,sp0c5/cMAdZyeCBOCaoUFC5HhEg=
-18,-17,wgrK6Up+/WQAOlclcRTuF2oXtNM=,U6sZQ7t0uKHOD6eXvPMEWN8Y/1I=
-20,-17,wgrK6Up+/WQAOlclcRTuF2oXtNM=,U6sZQ7t0uKHOD6eXvPMEWN8Y/1I=
-19,-17,wgrK6Up+/WQAOlclcRTuF2oXtNM=,U6sZQ7t0uKHOD6eXvPMEWN8Y/1I=
-21,-17,wgrK6Up+/WQAOlclcRTuF2oXtNM=,VsjQK3+w3KKgJDWl62pNXo2RrcU=
-22,-17,wgrK6Up+/WQAOlclcRTuF2oXtNM=,VsjQK3+w3KKgJDWl62pNXo2RrcU=
-23,-17,wgrK6Up+/WQAOlclcRTuF2oXtNM=,VsjQK3+w3KKgJDWl62pNXo2RrcU=
-24,-17,wgrK6Up+/WQAOlclcRTuF2oXtNM=,VsjQK3+w3KKgJDWl62pNXo2RrcU=
-26,-17,wgrK6Up+/WQAOlclcRTuF2oXtNM=,C4VcZ93nTD0fZ6DuAPxtpYCk2FE=
-31,-17,wgrK6Up+/WQAOlclcRTuF2oXtNM=,F/X9u12xrSMVQa6HndPzzzAmpBo=
-27,-17,wgrK6Up+/WQAOlclcRTuF2oXtNM=,C4VcZ93nTD0fZ6DuAPxtpYCk2FE=
-30,-17,wgrK6Up+/WQAOlclcRTuF2oXtNM=,F/X9u12xrSMVQa6HndPzzzAmpBo=
-29,-17,wgrK6Up+/WQAOlclcRTuF2oXtNM=,F/X9u12xrSMVQa6HndPzzzAmpBo=
-25,-17,wgrK6Up+/WQAOlclcRTuF2oXtNM=,C4VcZ93nTD0fZ6DuAPxtpYCk2FE=
-28,-17,wgrK6Up+/WQAOlclcRTuF2oXtNM=,C4VcZ93nTD0fZ6DuAPxtpYCk2FE=
-32,-28,mNXIkOaf88ukfPDMXGQwbt+j6VM=,vLis+GhLFJZHj1hzscipS5kO2ws=
-17,-17,mNXIkOaf88ukfPDMXGQwbt+j6VM=,U6sZQ7t0uKHOD6eXvPMEWN8Y/1I=
-32,-26,mNXIkOaf88ukfPDMXGQwbt+j6VM=,vLis+GhLFJZHj1hzscipS5kO2ws=
-32,-31,mNXIkOaf88ukfPDMXGQwbt+j6VM=,gtyzswBNaH2FynPvWKm3Vmft5lU=
-32,-27,mNXIkOaf88ukfPDMXGQwbt+j6VM=,vLis+GhLFJZHj1hzscipS5kO2ws=
-32,-29,mNXIkOaf88ukfPDMXGQwbt+j6VM=,gtyzswBNaH2FynPvWKm3Vmft5lU=
-32,-30,mNXIkOaf88ukfPDMXGQwbt+j6VM=,gtyzswBNaH2FynPvWKm3Vmft5lU=
-32,-25,mNXIkOaf88ukfPDMXGQwbt+j6VM=,vLis+GhLFJZHj1hzscipS5kO2ws=
-32,-24,mNXIkOaf88ukfPDMXGQwbt+j6VM=,oO4hI1VGE35YxOvPFV8dTVblU7Y=
-32,-23,mNXIkOaf88ukfPDMXGQwbt+j6VM=,oO4hI1VGE35YxOvPFV8dTVblU7Y=
-32,-22,mNXIkOaf88ukfPDMXGQwbt+j6VM=,oO4hI1VGE35YxOvPFV8dTVblU7Y=
-26,-32,Z4emT2vH+FcL+VUC1p5WivCNMNQ=,bhD01jF3Px0se4YBO+mkS6uilhw=
-24,-32,Z4emT2vH+FcL+VUC1p5WivCNMNQ=,Jq/jdmUzkzyotcLF2PF5lX6hqIg=
-27,-32,Z4emT2vH+FcL+VUC1p5WivCNMNQ=,bhD01jF3Px0se4YBO+mkS6uilhw=
-25,-32,Z4emT2vH+FcL+VUC1p5WivCNMNQ=,bhD01jF3Px0se4YBO+mkS6uilhw=
-32,-19,Z4emT2vH+FcL+VUC1p5WivCNMNQ=,F/X9u12xrSMVQa6HndPzzzAmpBo=
-22,-32,Z4emT2vH+FcL+VUC1p5WivCNMNQ=,Jq/jdmUzkzyotcLF2PF5lX6hqIg=
-32,-18,Z4emT2vH+FcL+VUC1p5WivCNMNQ=,F/X9u12xrSMVQa6HndPzzzAmpBo=
-20,-32,Z4emT2vH+FcL+VUC1p5WivCNMNQ=,Jq/jdmUzkzyotcLF2PF5lX6hqIg=
-32,-21,Z4emT2vH+FcL+VUC1p5WivCNMNQ=,oO4hI1VGE35YxOvPFV8dTVblU7Y=
-23,-32,Z4emT2vH+FcL+VUC1p5WivCNMNQ=,Jq/jdmUzkzyotcLF2PF5lX6hqIg=
-19,-32,Z4emT2vH+FcL+VUC1p5WivCNMNQ=,Jq/jdmUzkzyotcLF2PF5lX6hqIg=
-21,-32,Z4emT2vH+FcL+VUC1p5WivCNMNQ=,Jq/jdmUzkzyotcLF2PF5lX6hqIg=
-18,-32,Z4emT2vH+FcL+VUC1p5WivCNMNQ=,Jq/jdmUzkzyotcLF2PF5lX6hqIg=
-32,-17,Z4emT2vH+FcL+VUC1p5WivCNMNQ=,F/X9u12xrSMVQa6HndPzzzAmpBo=
-32,-20,Z4emT2vH+FcL+VUC1p5WivCNMNQ=,F/X9u12xrSMVQa6HndPzzzAmpBo=
-29,-32,FW1dgEtqiqCKWrYOYxAXGH0fqRI=,gtyzswBNaH2FynPvWKm3Vmft5lU=
-17,-32,FW1dgEtqiqCKWrYOYxAXGH0fqRI=,Jq/jdmUzkzyotcLF2PF5lX6hqIg=
-28,-32,FW1dgEtqiqCKWrYOYxAXGH0fqRI=,bhD01jF3Px0se4YBO+mkS6uilhw=
-32,-32,FW1dgEtqiqCKWrYOYxAXGH0fqRI=,gtyzswBNaH2FynPvWKm3Vmft5lU=
-30,-32,FW1dgEtqiqCKWrYOYxAXGH0fqRI=,gtyzswBNaH2FynPvWKm3Vmft5lU=
-31,-32,FW1dgEtqiqCKWrYOYxAXGH0fqRI=,gtyzswBNaH2FynPvWKm3Vmft5lU=
-31,-3,kSOqSqkkHDsT0yDTsHHHe7BQqdA=,taz/QUZOCpeQh/Apuedz8LguMpw=
-31,-2,kSOqSqkkHDsT0yDTsHHHe7BQqdA=,taz/QUZOCpeQh/Apuedz8LguMpw=
-30,-2,kSOqSqkkHDsT0yDTsHHHe7BQqdA=,taz/QUZOCpeQh/Apuedz8LguMpw=
-30,-3,kSOqSqkkHDsT0yDTsHHHe7BQqdA=,taz/QUZOCpeQh/Apuedz8LguMpw=
-27,-3,kSOqSqkkHDsT0yDTsHHHe7BQqdA=,XdbwLGnu+TZ/MaEDL7GfRZVUZ8M=
-28,-2,kSOqSqkkHDsT0yDTsHHHe7BQqdA=,XdbwLGnu+TZ/MaEDL7GfRZVUZ8M=
-26,-3,kSOqSqkkHDsT0yDTsHHHe7BQqdA=,XdbwLGnu+TZ/MaEDL7GfRZVUZ8M=
-29,-2,kSOqSqkkHDsT0yDTsHHHe7BQqdA=,taz/QUZOCpeQh/Apuedz8LguMpw=
-27,-2,kSOqSqkkHDsT0yDTsHHHe7BQqdA=,XdbwLGnu+TZ/MaEDL7GfRZVUZ8M=
-26,-2,kSOqSqkkHDsT0yDTsHHHe7BQqdA=,XdbwLGnu+TZ/MaEDL7GfRZVUZ8M=
-26,-6,kSOqSqkkHDsT0yDTsHHHe7BQqdA=,hXrBBgtK1v2LzsmNQ39ROZBcT7k=
-26,-7,kSOqSqkkHDsT0yDTsHHHe7BQqdA=,hXrBBgtK1v2LzsmNQ39ROZBcT7k=
-29,-3,kSOqSqkkHDsT0yDTsHHHe7BQqdA=,taz/QUZOCpeQh/Apuedz8LguMpw=
-27,-6,kSOqSqkkHDsT0yDTsHHHe7BQqdA=,hXrBBgtK1v2LzsmNQ39ROZBcT7k=
-27,-7,kSOqSqkkHDsT0yDTsHHHe7BQqdA=,hXrBBgtK1v2LzsmNQ39ROZBcT7k=
-27,-4,kSOqSqkkHDsT0yDTsHHHe7BQqdA=,XdbwLGnu+TZ/MaEDL7GfRZVUZ8M=
-26,-5,kSOqSqkkHDsT0yDTsHHHe7BQqdA=,hXrBBgtK1v2LzsmNQ39ROZBcT7k=
-29,-6,kSOqSqkkHDsT0yDTsHHHe7BQqdA=,MZXlf+WrVvDgZ4jT1w1hh/w3CFE=
-30,-6,kSOqSqkkHDsT0yDTsHHHe7BQqdA=,MZXlf+WrVvDgZ4jT1w1hh/w3CFE=
-29,-7,kSOqSqkkHDsT0yDTsHHHe7BQqdA=,MZXlf+WrVvDgZ4jT1w1hh/w3CFE=
-31,-6,kSOqSqkkHDsT0yDTsHHHe7BQqdA=,MZXlf+WrVvDgZ4jT1w1hh/w3CFE=
-26,-4,kSOqSqkkHDsT0yDTsHHHe7BQqdA=,XdbwLGnu+TZ/MaEDL7GfRZVUZ8M=
-28,-3,kSOqSqkkHDsT0yDTsHHHe7BQqdA=,XdbwLGnu+TZ/MaEDL7GfRZVUZ8M=
-28,-6,kSOqSqkkHDsT0yDTsHHHe7BQqdA=,hXrBBgtK1v2LzsmNQ39ROZBcT7k=
-27,-5,kSOqSqkkHDsT0yDTsHHHe7BQqdA=,hXrBBgtK1v2LzsmNQ39ROZBcT7k=
-31,-4,kSOqSqkkHDsT0yDTsHHHe7BQqdA=,taz/QUZOCpeQh/Apuedz8LguMpw=
-29,-5,kSOqSqkkHDsT0yDTsHHHe7BQqdA=,MZXlf+WrVvDgZ4jT1w1hh/w3CFE=
-31,-5,kSOqSqkkHDsT0yDTsHHHe7BQqdA=,MZXlf+WrVvDgZ4jT1w1hh/w3CFE=
-28,-7,kSOqSqkkHDsT0yDTsHHHe7BQqdA=,hXrBBgtK1v2LzsmNQ39ROZBcT7k=
-31,-7,kSOqSqkkHDsT0yDTsHHHe7BQqdA=,MZXlf+WrVvDgZ4jT1w1hh/w3CFE=
-28,-5,kSOqSqkkHDsT0yDTsHHHe7BQqdA=,hXrBBgtK1v2LzsmNQ39ROZBcT7k=
-28,-4,kSOqSqkkHDsT0yDTsHHHe7BQqdA=,XdbwLGnu+TZ/MaEDL7GfRZVUZ8M=
-30,-4,kSOqSqkkHDsT0yDTsHHHe7BQqdA=,taz/QUZOCpeQh/Apuedz8LguMpw=
-29,-4,kSOqSqkkHDsT0yDTsHHHe7BQqdA=,taz/QUZOCpeQh/Apuedz8LguMpw=
-30,-7,kSOqSqkkHDsT0yDTsHHHe7BQqdA=,MZXlf+WrVvDgZ4jT1w1hh/w3CFE=
-30,-5,kSOqSqkkHDsT0yDTsHHHe7BQqdA=,MZXlf+WrVvDgZ4jT1w1hh/w3CFE=
-19,-7,WUmFVsI52UWKve5PStmooPr27TA=,hXrBBgtK1v2LzsmNQ39ROZBcT7k=
-19,-6,WUmFVsI52UWKve5PStmooPr27TA=,hXrBBgtK1v2LzsmNQ39ROZBcT7k=
-18,-6,WUmFVsI52UWKve5PStmooPr27TA=,hXrBBgtK1v2LzsmNQ39ROZBcT7k=
-25,-7,WUmFVsI52UWKve5PStmooPr27TA=,hXrBBgtK1v2LzsmNQ39ROZBcT7k=
-22,-6,WUmFVsI52UWKve5PStmooPr27TA=,hXrBBgtK1v2LzsmNQ39ROZBcT7k=
-23,-10,WUmFVsI52UWKve5PStmooPr27TA=,tWNvGKrAS0MsZ7tFLtHeOGeDDIo=
-23,-6,WUmFVsI52UWKve5PStmooPr27TA=,hXrBBgtK1v2LzsmNQ39ROZBcT7k=
-21,-7,WUmFVsI52UWKve5PStmooPr27TA=,hXrBBgtK1v2LzsmNQ39ROZBcT7k=
-22,-10,WUmFVsI52UWKve5PStmooPr27TA=,tWNvGKrAS0MsZ7tFLtHeOGeDDIo=
-23,-7,WUmFVsI52UWKve5PStmooPr27TA=,hXrBBgtK1v2LzsmNQ39ROZBcT7k=
-24,-6,WUmFVsI52UWKve5PStmooPr27TA=,hXrBBgtK1v2LzsmNQ39ROZBcT7k=
-22,-7,WUmFVsI52UWKve5PStmooPr27TA=,hXrBBgtK1v2LzsmNQ39ROZBcT7k=
-20,-7,WUmFVsI52UWKve5PStmooPr27TA=,hXrBBgtK1v2LzsmNQ39ROZBcT7k=
-21,-6,WUmFVsI52UWKve5PStmooPr27TA=,hXrBBgtK1v2LzsmNQ39ROZBcT7k=
-22,-9,WUmFVsI52UWKve5PStmooPr27TA=,tWNvGKrAS0MsZ7tFLtHeOGeDDIo=
-22,-11,WUmFVsI52UWKve5PStmooPr27TA=,tWNvGKrAS0MsZ7tFLtHeOGeDDIo=
-22,-8,WUmFVsI52UWKve5PStmooPr27TA=,hXrBBgtK1v2LzsmNQ39ROZBcT7k=
-23,-8,WUmFVsI52UWKve5PStmooPr27TA=,hXrBBgtK1v2LzsmNQ39ROZBcT7k=
-25,-6,WUmFVsI52UWKve5PStmooPr27TA=,hXrBBgtK1v2LzsmNQ39ROZBcT7k=
-20,-6,WUmFVsI52UWKve5PStmooPr27TA=,hXrBBgtK1v2LzsmNQ39ROZBcT7k=
-24,-7,WUmFVsI52UWKve5PStmooPr27TA=,hXrBBgtK1v2LzsmNQ39ROZBcT7k=
-18,-7,WUmFVsI52UWKve5PStmooPr27TA=,hXrBBgtK1v2LzsmNQ39ROZBcT7k=
-23,-11,WUmFVsI52UWKve5PStmooPr27TA=,tWNvGKrAS0MsZ7tFLtHeOGeDDIo=
-23,-9,WUmFVsI52UWKve5PStmooPr27TA=,tWNvGKrAS0MsZ7tFLtHeOGeDDIo=
-20,-8,WUmFVsI52UWKve5PStmooPr27TA=,hXrBBgtK1v2LzsmNQ39ROZBcT7k=
-20,-10,WUmFVsI52UWKve5PStmooPr27TA=,6Upw0XtWiDonf1yVqmVYeyeXpWU=
-18,-11,WUmFVsI52UWKve5PStmooPr27TA=,6Upw0XtWiDonf1yVqmVYeyeXpWU=
-21,-9,WUmFVsI52UWKve5PStmooPr27TA=,tWNvGKrAS0MsZ7tFLtHeOGeDDIo=
-20,-9,WUmFVsI52UWKve5PStmooPr27TA=,6Upw0XtWiDonf1yVqmVYeyeXpWU=
-19,-11,WUmFVsI52UWKve5PStmooPr27TA=,6Upw0XtWiDonf1yVqmVYeyeXpWU=
-20,-11,WUmFVsI52UWKve5PStmooPr27TA=,6Upw0XtWiDonf1yVqmVYeyeXpWU=
-19,-8,WUmFVsI52UWKve5PStmooPr27TA=,hXrBBgtK1v2LzsmNQ39ROZBcT7k=
-18,-8,WUmFVsI52UWKve5PStmooPr27TA=,hXrBBgtK1v2LzsmNQ39ROZBcT7k=
-21,-8,WUmFVsI52UWKve5PStmooPr27TA=,hXrBBgtK1v2LzsmNQ39ROZBcT7k=
-21,-10,WUmFVsI52UWKve5PStmooPr27TA=,tWNvGKrAS0MsZ7tFLtHeOGeDDIo=
-19,-9,WUmFVsI52UWKve5PStmooPr27TA=,6Upw0XtWiDonf1yVqmVYeyeXpWU=
-18,-10,WUmFVsI52UWKve5PStmooPr27TA=,6Upw0XtWiDonf1yVqmVYeyeXpWU=
-18,-9,WUmFVsI52UWKve5PStmooPr27TA=,6Upw0XtWiDonf1yVqmVYeyeXpWU=
-21,-11,WUmFVsI52UWKve5PStmooPr27TA=,tWNvGKrAS0MsZ7tFLtHeOGeDDIo=
-19,-10,WUmFVsI52UWKve5PStmooPr27TA=,6Upw0XtWiDonf1yVqmVYeyeXpWU=
-26,-15,xVt+ajyEzv54/72um8IaVXlNP20=,mR1ADhyGaw65tSJphxKYIgwIFI4=
-27,-15,xVt+ajyEzv54/72um8IaVXlNP20=,mR1ADhyGaw65tSJphxKYIgwIFI4=
-26,-14,xVt+ajyEzv54/72um8IaVXlNP20=,mR1ADhyGaw65tSJphxKYIgwIFI4=
-27,-14,xVt+ajyEzv54/72um8IaVXlNP20=,mR1ADhyGaw65tSJphxKYIgwIFI4=
-22,-14,xVt+ajyEzv54/72um8IaVXlNP20=,tWNvGKrAS0MsZ7tFLtHeOGeDDIo=
-23,-15,xVt+ajyEzv54/72um8IaVXlNP20=,tWNvGKrAS0MsZ7tFLtHeOGeDDIo=
-24,-15,xVt+ajyEzv54/72um8IaVXlNP20=,tWNvGKrAS0MsZ7tFLtHeOGeDDIo=
-22,-12,xVt+ajyEzv54/72um8IaVXlNP20=,tWNvGKrAS0MsZ7tFLtHeOGeDDIo=
-23,-14,xVt+ajyEzv54/72um8IaVXlNP20=,tWNvGKrAS0MsZ7tFLtHeOGeDDIo=
-24,-14,xVt+ajyEzv54/72um8IaVXlNP20=,tWNvGKrAS0MsZ7tFLtHeOGeDDIo=
-22,-15,xVt+ajyEzv54/72um8IaVXlNP20=,tWNvGKrAS0MsZ7tFLtHeOGeDDIo=
-23,-13,xVt+ajyEzv54/72um8IaVXlNP20=,tWNvGKrAS0MsZ7tFLtHeOGeDDIo=
-25,-14,xVt+ajyEzv54/72um8IaVXlNP20=,mR1ADhyGaw65tSJphxKYIgwIFI4=
-25,-15,xVt+ajyEzv54/72um8IaVXlNP20=,mR1ADhyGaw65tSJphxKYIgwIFI4=
-23,-12,xVt+ajyEzv54/72um8IaVXlNP20=,tWNvGKrAS0MsZ7tFLtHeOGeDDIo=
-22,-13,xVt+ajyEzv54/72um8IaVXlNP20=,tWNvGKrAS0MsZ7tFLtHeOGeDDIo=
-26,-11,xVt+ajyEzv54/72um8IaVXlNP20=,h2THSLRCnfMbgFtDcKmDw/ZclSs=
-25,-8,xVt+ajyEzv54/72um8IaVXlNP20=,hXrBBgtK1v2LzsmNQ39ROZBcT7k=
-27,-11,xVt+ajyEzv54/72um8IaVXlNP20=,h2THSLRCnfMbgFtDcKmDw/ZclSs=
-27,-10,xVt+ajyEzv54/72um8IaVXlNP20=,h2THSLRCnfMbgFtDcKmDw/ZclSs=
-26,-8,xVt+ajyEzv54/72um8IaVXlNP20=,hXrBBgtK1v2LzsmNQ39ROZBcT7k=
-25,-12,xVt+ajyEzv54/72um8IaVXlNP20=,h2THSLRCnfMbgFtDcKmDw/ZclSs=
-27,-8,xVt+ajyEzv54/72um8IaVXlNP20=,hXrBBgtK1v2LzsmNQ39ROZBcT7k=
-25,-9,xVt+ajyEzv54/72um8IaVXlNP20=,h2THSLRCnfMbgFtDcKmDw/ZclSs=
-25,-11,xVt+ajyEzv54/72um8IaVXlNP20=,h2THSLRCnfMbgFtDcKmDw/ZclSs=
-24,-11,xVt+ajyEzv54/72um8IaVXlNP20=,tWNvGKrAS0MsZ7tFLtHeOGeDDIo=
-27,-12,xVt+ajyEzv54/72um8IaVXlNP20=,h2THSLRCnfMbgFtDcKmDw/ZclSs=
-24,-8,xVt+ajyEzv54/72um8IaVXlNP20=,hXrBBgtK1v2LzsmNQ39ROZBcT7k=
-26,-9,xVt+ajyEzv54/72um8IaVXlNP20=,h2THSLRCnfMbgFtDcKmDw/ZclSs=
-24,-9,xVt+ajyEzv54/72um8IaVXlNP20=,tWNvGKrAS0MsZ7tFLtHeOGeDDIo=
-26,-12,xVt+ajyEzv54/72um8IaVXlNP20=,h2THSLRCnfMbgFtDcKmDw/ZclSs=
-24,-12,xVt+ajyEzv54/72um8IaVXlNP20=,tWNvGKrAS0MsZ7tFLtHeOGeDDIo=
-25,-13,xVt+ajyEzv54/72um8IaVXlNP20=,mR1ADhyGaw65tSJphxKYIgwIFI4=
-24,-13,xVt+ajyEzv54/72um8IaVXlNP20=,tWNvGKrAS0MsZ7tFLtHeOGeDDIo=
-26,-10,xVt+ajyEzv54/72um8IaVXlNP20=,h2THSLRCnfMbgFtDcKmDw/ZclSs=
-26,-13,xVt+ajyEzv54/72um8IaVXlNP20=,mR1ADhyGaw65tSJphxKYIgwIFI4=
-19,-13,xVt+ajyEzv54/72um8IaVXlNP20=,LeOebqfYRPdT9nmh86kOBmJ/sSs=
-18,-15,xVt+ajyEzv54/72um8IaVXlNP20=,LeOebqfYRPdT9nmh86kOBmJ/sSs=
-20,-13,xVt+ajyEzv54/72um8IaVXlNP20=,LeOebqfYRPdT9nmh86kOBmJ/sSs=
-18,-12,xVt+ajyEzv54/72um8IaVXlNP20=,6Upw0XtWiDonf1yVqmVYeyeXpWU=
-27,-13,xVt+ajyEzv54/72um8IaVXlNP20=,mR1ADhyGaw65tSJphxKYIgwIFI4=
-27,-9,xVt+ajyEzv54/72um8IaVXlNP20=,h2THSLRCnfMbgFtDcKmDw/ZclSs=
-25,-10,xVt+ajyEzv54/72um8IaVXlNP20=,h2THSLRCnfMbgFtDcKmDw/ZclSs=
-19,-12,xVt+ajyEzv54/72um8IaVXlNP20=,6Upw0XtWiDonf1yVqmVYeyeXpWU=
-21,-12,xVt+ajyEzv54/72um8IaVXlNP20=,tWNvGKrAS0MsZ7tFLtHeOGeDDIo=
-18,-14,xVt+ajyEzv54/72um8IaVXlNP20=,LeOebqfYRPdT9nmh86kOBmJ/sSs=
-18,-13,xVt+ajyEzv54/72um8IaVXlNP20=,LeOebqfYRPdT9nmh86kOBmJ/sSs=
-21,-14,xVt+ajyEzv54/72um8IaVXlNP20=,tWNvGKrAS0MsZ7tFLtHeOGeDDIo=
-20,-14,xVt+ajyEzv54/72um8IaVXlNP20=,LeOebqfYRPdT9nmh86kOBmJ/sSs=
-19,-14,xVt+ajyEzv54/72um8IaVXlNP20=,LeOebqfYRPdT9nmh86kOBmJ/sSs=
-19,-15,xVt+ajyEzv54/72um8IaVXlNP20=,LeOebqfYRPdT9nmh86kOBmJ/sSs=
-20,-15,xVt+ajyEzv54/72um8IaVXlNP20=,LeOebqfYRPdT9nmh86kOBmJ/sSs=
-21,-13,xVt+ajyEzv54/72um8IaVXlNP20=,tWNvGKrAS0MsZ7tFLtHeOGeDDIo=
-21,-15,xVt+ajyEzv54/72um8IaVXlNP20=,tWNvGKrAS0MsZ7tFLtHeOGeDDIo=
-24,-10,xVt+ajyEzv54/72um8IaVXlNP20=,tWNvGKrAS0MsZ7tFLtHeOGeDDIo=
-20,-12,xVt+ajyEzv54/72um8IaVXlNP20=,6Upw0XtWiDonf1yVqmVYeyeXpWU=
-32,-4,dCrj216jXvczz/3MAgyuCrPqyiE=,taz/QUZOCpeQh/Apuedz8LguMpw=
-32,-5,dCrj216jXvczz/3MAgyuCrPqyiE=,MZXlf+WrVvDgZ4jT1w1hh/w3CFE=
-32,-6,m27nGc/flS60XjQNjgi8oJ/JWFQ=,MZXlf+WrVvDgZ4jT1w1hh/w3CFE=
-32,-2,m27nGc/flS60XjQNjgi8oJ/JWFQ=,taz/QUZOCpeQh/Apuedz8LguMpw=
-32,-7,m27nGc/flS60XjQNjgi8oJ/JWFQ=,MZXlf+WrVvDgZ4jT1w1hh/w3CFE=
-32,-3,m27nGc/flS60XjQNjgi8oJ/JWFQ=,taz/QUZOCpeQh/Apuedz8LguMpw=
-31,-10,m27nGc/flS60XjQNjgi8oJ/JWFQ=,WU62Dt5J/xpP1f0z1pnYKGOO01I=
-30,-11,m27nGc/flS60XjQNjgi8oJ/JWFQ=,WU62Dt5J/xpP1f0z1pnYKGOO01I=
-32,-10,m27nGc/flS60XjQNjgi8oJ/JWFQ=,WU62Dt5J/xpP1f0z1pnYKGOO01I=
-30,-8,m27nGc/flS60XjQNjgi8oJ/JWFQ=,MZXlf+WrVvDgZ4jT1w1hh/w3CFE=
-29,-11,m27nGc/flS60XjQNjgi8oJ/JWFQ=,WU62Dt5J/xpP1f0z1pnYKGOO01I=
-29,-8,m27nGc/flS60XjQNjgi8oJ/JWFQ=,MZXlf+WrVvDgZ4jT1w1hh/w3CFE=
-29,-9,m27nGc/flS60XjQNjgi8oJ/JWFQ=,WU62Dt5J/xpP1f0z1pnYKGOO01I=
-32,-11,m27nGc/flS60XjQNjgi8oJ/JWFQ=,WU62Dt5J/xpP1f0z1pnYKGOO01I=
-31,-11,m27nGc/flS60XjQNjgi8oJ/JWFQ=,WU62Dt5J/xpP1f0z1pnYKGOO01I=
-28,-8,m27nGc/flS60XjQNjgi8oJ/JWFQ=,hXrBBgtK1v2LzsmNQ39ROZBcT7k=
-30,-9,m27nGc/flS60XjQNjgi8oJ/JWFQ=,WU62Dt5J/xpP1f0z1pnYKGOO01I=
-32,-8,m27nGc/flS60XjQNjgi8oJ/JWFQ=,MZXlf+WrVvDgZ4jT1w1hh/w3CFE=
-31,-8,m27nGc/flS60XjQNjgi8oJ/JWFQ=,MZXlf+WrVvDgZ4jT1w1hh/w3CFE=
-28,-11,m27nGc/flS60XjQNjgi8oJ/JWFQ=,h2THSLRCnfMbgFtDcKmDw/ZclSs=
-31,-9,m27nGc/flS60XjQNjgi8oJ/JWFQ=,WU62Dt5J/xpP1f0z1pnYKGOO01I=
-28,-10,m27nGc/flS60XjQNjgi8oJ/JWFQ=,h2THSLRCnfMbgFtDcKmDw/ZclSs=
-30,-10,m27nGc/flS60XjQNjgi8oJ/JWFQ=,WU62Dt5J/xpP1f0z1pnYKGOO01I=
-29,-10,m27nGc/flS60XjQNjgi8oJ/JWFQ=,WU62Dt5J/xpP1f0z1pnYKGOO01I=
-32,-9,m27nGc/flS60XjQNjgi8oJ/JWFQ=,WU62Dt5J/xpP1f0z1pnYKGOO01I=
-28,-9,m27nGc/flS60XjQNjgi8oJ/JWFQ=,h2THSLRCnfMbgFtDcKmDw/ZclSs=
-29,-14,m27nGc/flS60XjQNjgi8oJ/JWFQ=,mR1ADhyGaw65tSJphxKYIgwIFI4=
-28,-13,m27nGc/flS60XjQNjgi8oJ/JWFQ=,mR1ADhyGaw65tSJphxKYIgwIFI4=
-32,-14,m27nGc/flS60XjQNjgi8oJ/JWFQ=,mR1ADhyGaw65tSJphxKYIgwIFI4=
-30,-14,m27nGc/flS60XjQNjgi8oJ/JWFQ=,mR1ADhyGaw65tSJphxKYIgwIFI4=
-29,-12,m27nGc/flS60XjQNjgi8oJ/JWFQ=,WU62Dt5J/xpP1f0z1pnYKGOO01I=
-29,-15,m27nGc/flS60XjQNjgi8oJ/JWFQ=,mR1ADhyGaw65tSJphxKYIgwIFI4=
-30,-12,m27nGc/flS60XjQNjgi8oJ/JWFQ=,WU62Dt5J/xpP1f0z1pnYKGOO01I=
-32,-15,m27nGc/flS60XjQNjgi8oJ/JWFQ=,mR1ADhyGaw65tSJphxKYIgwIFI4=
-28,-12,m27nGc/flS60XjQNjgi8oJ/JWFQ=,h2THSLRCnfMbgFtDcKmDw/ZclSs=
-31,-12,m27nGc/flS60XjQNjgi8oJ/JWFQ=,WU62Dt5J/xpP1f0z1pnYKGOO01I=
-31,-16,m27nGc/flS60XjQNjgi8oJ/JWFQ=,mR1ADhyGaw65tSJphxKYIgwIFI4=
-31,-14,m27nGc/flS60XjQNjgi8oJ/JWFQ=,mR1ADhyGaw65tSJphxKYIgwIFI4=
-32,-12,m27nGc/flS60XjQNjgi8oJ/JWFQ=,WU62Dt5J/xpP1f0z1pnYKGOO01I=
-30,-16,m27nGc/flS60XjQNjgi8oJ/JWFQ=,mR1ADhyGaw65tSJphxKYIgwIFI4=
-30,-15,m27nGc/flS60XjQNjgi8oJ/JWFQ=,mR1ADhyGaw65tSJphxKYIgwIFI4=
-31,-15,m27nGc/flS60XjQNjgi8oJ/JWFQ=,mR1ADhyGaw65tSJphxKYIgwIFI4=
-28,-15,m27nGc/flS60XjQNjgi8oJ/JWFQ=,mR1ADhyGaw65tSJphxKYIgwIFI4=
-29,-13,m27nGc/flS60XjQNjgi8oJ/JWFQ=,mR1ADhyGaw65tSJphxKYIgwIFI4=
-31,-13,m27nGc/flS60XjQNjgi8oJ/JWFQ=,mR1ADhyGaw65tSJphxKYIgwIFI4=
-30,-13,m27nGc/flS60XjQNjgi8oJ/JWFQ=,mR1ADhyGaw65tSJphxKYIgwIFI4=
-28,-14,m27nGc/flS60XjQNjgi8oJ/JWFQ=,mR1ADhyGaw65tSJphxKYIgwIFI4=
-32,-13,m27nGc/flS60XjQNjgi8oJ/JWFQ=,mR1ADhyGaw65tSJphxKYIgwIFI4=
-19,-16,E25LozIglXdVWJWcR330EU8VFgo=,LeOebqfYRPdT9nmh86kOBmJ/sSs=
-27,-16,E25LozIglXdVWJWcR330EU8VFgo=,mR1ADhyGaw65tSJphxKYIgwIFI4=
-17,-15,E25LozIglXdVWJWcR330EU8VFgo=,LeOebqfYRPdT9nmh86kOBmJ/sSs=
-17,-14,E25LozIglXdVWJWcR330EU8VFgo=,LeOebqfYRPdT9nmh86kOBmJ/sSs=
-26,-16,E25LozIglXdVWJWcR330EU8VFgo=,mR1ADhyGaw65tSJphxKYIgwIFI4=
-29,-16,E25LozIglXdVWJWcR330EU8VFgo=,mR1ADhyGaw65tSJphxKYIgwIFI4=
-28,-16,E25LozIglXdVWJWcR330EU8VFgo=,mR1ADhyGaw65tSJphxKYIgwIFI4=
-17,-16,E25LozIglXdVWJWcR330EU8VFgo=,LeOebqfYRPdT9nmh86kOBmJ/sSs=
-18,-16,E25LozIglXdVWJWcR330EU8VFgo=,LeOebqfYRPdT9nmh86kOBmJ/sSs=
-21,-16,E25LozIglXdVWJWcR330EU8VFgo=,tWNvGKrAS0MsZ7tFLtHeOGeDDIo=
-20,-16,E25LozIglXdVWJWcR330EU8VFgo=,LeOebqfYRPdT9nmh86kOBmJ/sSs=
-22,-16,E25LozIglXdVWJWcR330EU8VFgo=,tWNvGKrAS0MsZ7tFLtHeOGeDDIo=
-25,-16,E25LozIglXdVWJWcR330EU8VFgo=,mR1ADhyGaw65tSJphxKYIgwIFI4=
-23,-16,E25LozIglXdVWJWcR330EU8VFgo=,tWNvGKrAS0MsZ7tFLtHeOGeDDIo=
-24,-16,E25LozIglXdVWJWcR330EU8VFgo=,tWNvGKrAS0MsZ7tFLtHeOGeDDIo=
-17,-6,/rpfUvXEEZ2MH9buExGiVPVM1Hw=,hXrBBgtK1v2LzsmNQ39ROZBcT7k=
-17,-8,7zzpVy/bfk4Lq0uQ55tVhnZ/f4I=,hXrBBgtK1v2LzsmNQ39ROZBcT7k=
-17,-9,7zzpVy/bfk4Lq0uQ55tVhnZ/f4I=,6Upw0XtWiDonf1yVqmVYeyeXpWU=
-17,-11,7zzpVy/bfk4Lq0uQ55tVhnZ/f4I=,6Upw0XtWiDonf1yVqmVYeyeXpWU=
-17,-12,7zzpVy/bfk4Lq0uQ55tVhnZ/f4I=,6Upw0XtWiDonf1yVqmVYeyeXpWU=
-17,-13,7zzpVy/bfk4Lq0uQ55tVhnZ/f4I=,LeOebqfYRPdT9nmh86kOBmJ/sSs=
-17,-7,7zzpVy/bfk4Lq0uQ55tVhnZ/f4I=,hXrBBgtK1v2LzsmNQ39ROZBcT7k=
-17,-10,7zzpVy/bfk4Lq0uQ55tVhnZ/f4I=,6Upw0XtWiDonf1yVqmVYeyeXpWU=
-18,-4,7zzpVy/bfk4Lq0uQ55tVhnZ/f4I=,vQWMHngZnc2MiZ1AixK2Z/Z8xz4=
-18,-3,7zzpVy/bfk4Lq0uQ55tVhnZ/f4I=,vQWMHngZnc2MiZ1AixK2Z/Z8xz4=
-18,-2,7zzpVy/bfk4Lq0uQ55tVhnZ/f4I=,vQWMHngZnc2MiZ1AixK2Z/Z8xz4=
-18,-5,7zzpVy/bfk4Lq0uQ55tVhnZ/f4I=,hXrBBgtK1v2LzsmNQ39ROZBcT7k=
-19,-4,7zzpVy/bfk4Lq0uQ55tVhnZ/f4I=,vQWMHngZnc2MiZ1AixK2Z/Z8xz4=
-19,-5,7zzpVy/bfk4Lq0uQ55tVhnZ/f4I=,hXrBBgtK1v2LzsmNQ39ROZBcT7k=
-19,-3,7zzpVy/bfk4Lq0uQ55tVhnZ/f4I=,vQWMHngZnc2MiZ1AixK2Z/Z8xz4=
-19,-2,7zzpVy/bfk4Lq0uQ55tVhnZ/f4I=,vQWMHngZnc2MiZ1AixK2Z/Z8xz4=
-25,-4,7zzpVy/bfk4Lq0uQ55tVhnZ/f4I=,XdbwLGnu+TZ/MaEDL7GfRZVUZ8M=
-25,-2,7zzpVy/bfk4Lq0uQ55tVhnZ/f4I=,XdbwLGnu+TZ/MaEDL7GfRZVUZ8M=
-20,-2,7zzpVy/bfk4Lq0uQ55tVhnZ/f4I=,vQWMHngZnc2MiZ1AixK2Z/Z8xz4=
-24,-3,7zzpVy/bfk4Lq0uQ55tVhnZ/f4I=,F72/O2kwvbYPPsLFC0IwRGVECwg=
-22,-2,7zzpVy/bfk4Lq0uQ55tVhnZ/f4I=,F72/O2kwvbYPPsLFC0IwRGVECwg=
-21,-4,7zzpVy/bfk4Lq0uQ55tVhnZ/f4I=,F72/O2kwvbYPPsLFC0IwRGVECwg=
-25,-5,7zzpVy/bfk4Lq0uQ55tVhnZ/f4I=,hXrBBgtK1v2LzsmNQ39ROZBcT7k=
-22,-4,7zzpVy/bfk4Lq0uQ55tVhnZ/f4I=,F72/O2kwvbYPPsLFC0IwRGVECwg=
-24,-5,7zzpVy/bfk4Lq0uQ55tVhnZ/f4I=,hXrBBgtK1v2LzsmNQ39ROZBcT7k=
-20,-3,7zzpVy/bfk4Lq0uQ55tVhnZ/f4I=,vQWMHngZnc2MiZ1AixK2Z/Z8xz4=
-23,-4,7zzpVy/bfk4Lq0uQ55tVhnZ/f4I=,F72/O2kwvbYPPsLFC0IwRGVECwg=
-24,-2,7zzpVy/bfk4Lq0uQ55tVhnZ/f4I=,F72/O2kwvbYPPsLFC0IwRGVECwg=
-21,-3,7zzpVy/bfk4Lq0uQ55tVhnZ/f4I=,F72/O2kwvbYPPsLFC0IwRGVECwg=
-23,-3,7zzpVy/bfk4Lq0uQ55tVhnZ/f4I=,F72/O2kwvbYPPsLFC0IwRGVECwg=
-21,-5,7zzpVy/bfk4Lq0uQ55tVhnZ/f4I=,hXrBBgtK1v2LzsmNQ39ROZBcT7k=
-24,-4,7zzpVy/bfk4Lq0uQ55tVhnZ/f4I=,F72/O2kwvbYPPsLFC0IwRGVECwg=
-23,-5,7zzpVy/bfk4Lq0uQ55tVhnZ/f4I=,hXrBBgtK1v2LzsmNQ39ROZBcT7k=
-21,-2,7zzpVy/bfk4Lq0uQ55tVhnZ/f4I=,F72/O2kwvbYPPsLFC0IwRGVECwg=
-20,-4,7zzpVy/bfk4Lq0uQ55tVhnZ/f4I=,vQWMHngZnc2MiZ1AixK2Z/Z8xz4=
-20,-5,7zzpVy/bfk4Lq0uQ55tVhnZ/f4I=,hXrBBgtK1v2LzsmNQ39ROZBcT7k=
-22,-5,7zzpVy/bfk4Lq0uQ55tVhnZ/f4I=,hXrBBgtK1v2LzsmNQ39ROZBcT7k=
-25,-3,7zzpVy/bfk4Lq0uQ55tVhnZ/f4I=,XdbwLGnu+TZ/MaEDL7GfRZVUZ8M=
-23,-2,7zzpVy/bfk4Lq0uQ55tVhnZ/f4I=,F72/O2kwvbYPPsLFC0IwRGVECwg=
-22,-3,7zzpVy/bfk4Lq0uQ55tVhnZ/f4I=,F72/O2kwvbYPPsLFC0IwRGVECwg=
-23,-1,ItCtzcq9uuNucptX6qD+8Ag8fAQ=,F72/O2kwvbYPPsLFC0IwRGVECwg=
-22,-1,ItCtzcq9uuNucptX6qD+8Ag8fAQ=,F72/O2kwvbYPPsLFC0IwRGVECwg=
-31,-1,ItCtzcq9uuNucptX6qD+8Ag8fAQ=,taz/QUZOCpeQh/Apuedz8LguMpw=
-28,-1,ItCtzcq9uuNucptX6qD+8Ag8fAQ=,XdbwLGnu+TZ/MaEDL7GfRZVUZ8M=
-26,-1,ItCtzcq9uuNucptX6qD+8Ag8fAQ=,XdbwLGnu+TZ/MaEDL7GfRZVUZ8M=
-30,-1,ItCtzcq9uuNucptX6qD+8Ag8fAQ=,taz/QUZOCpeQh/Apuedz8LguMpw=
-27,-1,ItCtzcq9uuNucptX6qD+8Ag8fAQ=,XdbwLGnu+TZ/MaEDL7GfRZVUZ8M=
-29,-1,ItCtzcq9uuNucptX6qD+8Ag8fAQ=,taz/QUZOCpeQh/Apuedz8LguMpw=
-25,-1,ItCtzcq9uuNucptX6qD+8Ag8fAQ=,XdbwLGnu+TZ/MaEDL7GfRZVUZ8M=
-24,-1,ItCtzcq9uuNucptX6qD+8Ag8fAQ=,F72/O2kwvbYPPsLFC0IwRGVECwg=
-20,-1,ItCtzcq9uuNucptX6qD+8Ag8fAQ=,vQWMHngZnc2MiZ1AixK2Z/Z8xz4=
-19,-1,ItCtzcq9uuNucptX6qD+8Ag8fAQ=,vQWMHngZnc2MiZ1AixK2Z/Z8xz4=
-21,-1,ItCtzcq9uuNucptX6qD+8Ag8fAQ=,F72/O2kwvbYPPsLFC0IwRGVECwg=
-18,-1,ItCtzcq9uuNucptX6qD+8Ag8fAQ=,vQWMHngZnc2MiZ1AixK2Z/Z8xz4=
-32,-1,ItCtzcq9uuNucptX6qD+8Ag8fAQ=,taz/QUZOCpeQh/Apuedz8LguMpw=
-17,-4,ItCtzcq9uuNucptX6qD+8Ag8fAQ=,vQWMHngZnc2MiZ1AixK2Z/Z8xz4=
-32,-16,ItCtzcq9uuNucptX6qD+8Ag8fAQ=,mR1ADhyGaw65tSJphxKYIgwIFI4=
-17,-1,ItCtzcq9uuNucptX6qD+8Ag8fAQ=,vQWMHngZnc2MiZ1AixK2Z/Z8xz4=
-17,-5,ItCtzcq9uuNucptX6qD+8Ag8fAQ=,hXrBBgtK1v2LzsmNQ39ROZBcT7k=
-17,-2,ItCtzcq9uuNucptX6qD+8Ag8fAQ=,vQWMHngZnc2MiZ1AixK2Z/Z8xz4=
-17,-3,ItCtzcq9uuNucptX6qD+8Ag8fAQ=,vQWMHngZnc2MiZ1AixK2Z/Z8xz4=
