-19,33,Hk8slWuqVoxFt5vn/VaFqSsBlJ8=,nn3+XKf03TrikWYni9ouLUkfyp0=
-21,38,YO2ApjSIOGfadRYIjn39els5H3s=,Y6XKUrAXRp/yXEfmUHEinT0AdPY=
-18,33,6kE7V8juFvStCnM+oELf8pNMjZo=,nn3+XKf03TrikWYni9ouLUkfyp0=
-22,37,Hk8slWuqVoxFt5vn/VaFqSsBlJ8=,Y6XKUrAXRp/yXEfmUHEinT0AdPY=
-18,35,Hk8slWuqVoxFt5vn/VaFqSsBlJ8=,nn3+XKf03TrikWYni9ouLUkfyp0=
-23,38,3EXLcFRYB6fD+TRc7jbHCJap2CQ=,Y6XKUrAXRp/yXEfmUHEinT0AdPY=
-22,38,YO2ApjSIOGfadRYIjn39els5H3s=,Y6XKUrAXRp/yXEfmUHEinT0AdPY=
-20,38,YO2ApjSIOGfadRYIjn39els5H3s=,B+Q6y6/7ZEGmF0DJmQ04DRNIO84=
-19,37,Hk8slWuqVoxFt5vn/VaFqSsBlJ8=,B+Q6y6/7ZEGmF0DJmQ04DRNIO84=
-23,37,3EXLcFRYB6fD+TRc7jbHCJap2CQ=,Y6XKUrAXRp/yXEfmUHEinT0AdPY=
-18,34,Hk8slWuqVoxFt5vn/VaFqSsBlJ8=,nn3+XKf03TrikWYni9ouLUkfyp0=
-19,38,YO2ApjSIOGfadRYIjn39els5H3s=,B+Q6y6/7ZEGmF0DJmQ04DRNIO84=
-20,37,Hk8slWuqVoxFt5vn/VaFqSsBlJ8=,B+Q6y6/7ZEGmF0DJmQ04DRNIO84=
-18,38,uwQsN/hGaV8xM202iRDXfhsQGYs=,B+Q6y6/7ZEGmF0DJmQ04DRNIO84=
-19,34,Hk8slWuqVoxFt5vn/VaFqSsBlJ8=,nn3+XKf03TrikWYni9ouLUkfyp0=
-18,36,Hk8slWuqVoxFt5vn/VaFqSsBlJ8=,B+Q6y6/7ZEGmF0DJmQ04DRNIO84=
-19,35,Hk8slWuqVoxFt5vn/VaFqSsBlJ8=,nn3+XKf03TrikWYni9ouLUkfyp0=
-18,37,Hk8slWuqVoxFt5vn/VaFqSsBlJ8=,B+Q6y6/7ZEGmF0DJmQ04DRNIO84=
-19,36,Hk8slWuqVoxFt5vn/VaFqSsBlJ8=,B+Q6y6/7ZEGmF0DJmQ04DRNIO84=
-21,37,Hk8slWuqVoxFt5vn/VaFqSsBlJ8=,Y6XKUrAXRp/yXEfmUHEinT0AdPY=
-22,34,Hk8slWuqVoxFt5vn/VaFqSsBlJ8=,j6TB7ZLFbIoNp1j9VStvsVOE80U=
-20,36,Hk8slWuqVoxFt5vn/VaFqSsBlJ8=,B+Q6y6/7ZEGmF0DJmQ04DRNIO84=
-21,35,Hk8slWuqVoxFt5vn/VaFqSsBlJ8=,j6TB7ZLFbIoNp1j9VStvsVOE80U=
-20,34,Hk8slWuqVoxFt5vn/VaFqSsBlJ8=,nn3+XKf03TrikWYni9ouLUkfyp0=
-22,35,Hk8slWuqVoxFt5vn/VaFqSsBlJ8=,j6TB7ZLFbIoNp1j9VStvsVOE80U=
-22,36,Hk8slWuqVoxFt5vn/VaFqSsBlJ8=,Y6XKUrAXRp/yXEfmUHEinT0AdPY=
-23,34,3EXLcFRYB6fD+TRc7jbHCJap2CQ=,j6TB7ZLFbIoNp1j9VStvsVOE80U=
-23,36,3EXLcFRYB6fD+TRc7jbHCJap2CQ=,Y6XKUrAXRp/yXEfmUHEinT0AdPY=
-23,35,3EXLcFRYB6fD+TRc7jbHCJap2CQ=,j6TB7ZLFbIoNp1j9VStvsVOE80U=
-21,34,Hk8slWuqVoxFt5vn/VaFqSsBlJ8=,j6TB7ZLFbIoNp1j9VStvsVOE80U=
-21,36,Hk8slWuqVoxFt5vn/VaFqSsBlJ8=,Y6XKUrAXRp/yXEfmUHEinT0AdPY=
-21,33,Hk8slWuqVoxFt5vn/VaFqSsBlJ8=,j6TB7ZLFbIoNp1j9VStvsVOE80U=
-20,35,Hk8slWuqVoxFt5vn/VaFqSsBlJ8=,nn3+XKf03TrikWYni9ouLUkfyp0=
-22,33,Hk8slWuqVoxFt5vn/VaFqSsBlJ8=,j6TB7ZLFbIoNp1j9VStvsVOE80U=
-20,33,Hk8slWuqVoxFt5vn/VaFqSsBlJ8=,nn3+XKf03TrikWYni9ouLUkfyp0=
-23,33,Hk8slWuqVoxFt5vn/VaFqSsBlJ8=,j6TB7ZLFbIoNp1j9VStvsVOE80U=
-19,39,YO2ApjSIOGfadRYIjn39els5H3s=,B+Q6y6/7ZEGmF0DJmQ04DRNIO84=
-18,42,6kE7V8juFvStCnM+oELf8pNMjZo=,B+Q6y6/7ZEGmF0DJmQ04DRNIO84=
-18,40,Hk8slWuqVoxFt5vn/VaFqSsBlJ8=,B+Q6y6/7ZEGmF0DJmQ04DRNIO84=
-18,41,uwQsN/hGaV8xM202iRDXfhsQGYs=,B+Q6y6/7ZEGmF0DJmQ04DRNIO84=
-19,41,YO2ApjSIOGfadRYIjn39els5H3s=,B+Q6y6/7ZEGmF0DJmQ04DRNIO84=
-19,40,YO2ApjSIOGfadRYIjn39els5H3s=,B+Q6y6/7ZEGmF0DJmQ04DRNIO84=
-18,39,Hk8slWuqVoxFt5vn/VaFqSsBlJ8=,B+Q6y6/7ZEGmF0DJmQ04DRNIO84=
-19,42,uwQsN/hGaV8xM202iRDXfhsQGYs=,B+Q6y6/7ZEGmF0DJmQ04DRNIO84=
-25,38,3EXLcFRYB6fD+TRc7jbHCJap2CQ=,KHSIVM32Pr4hZ+W1O9wok4dhvxs=
-24,38,3EXLcFRYB6fD+TRc7jbHCJap2CQ=,Y6XKUrAXRp/yXEfmUHEinT0AdPY=
-27,38,GnJ5RxJxpuljq14G1V21/99AOOk=,KHSIVM32Pr4hZ+W1O9wok4dhvxs=
-27,37,GnJ5RxJxpuljq14G1V21/99AOOk=,KHSIVM32Pr4hZ+W1O9wok4dhvxs=
-26,38,3EXLcFRYB6fD+TRc7jbHCJap2CQ=,KHSIVM32Pr4hZ+W1O9wok4dhvxs=
-25,37,3EXLcFRYB6fD+TRc7jbHCJap2CQ=,KHSIVM32Pr4hZ+W1O9wok4dhvxs=
-26,37,3EXLcFRYB6fD+TRc7jbHCJap2CQ=,KHSIVM32Pr4hZ+W1O9wok4dhvxs=
-24,37,3EXLcFRYB6fD+TRc7jbHCJap2CQ=,Y6XKUrAXRp/yXEfmUHEinT0AdPY=
-20,40,YO2ApjSIOGfadRYIjn39els5H3s=,B+Q6y6/7ZEGmF0DJmQ04DRNIO84=
-21,39,YO2ApjSIOGfadRYIjn39els5H3s=,Y6XKUrAXRp/yXEfmUHEinT0AdPY=
-23,42,uwQsN/hGaV8xM202iRDXfhsQGYs=,nABr3ky7j4N8eVx8TPd8p9PfqUg=
-22,39,YO2ApjSIOGfadRYIjn39els5H3s=,Y6XKUrAXRp/yXEfmUHEinT0AdPY=
-20,42,uwQsN/hGaV8xM202iRDXfhsQGYs=,B+Q6y6/7ZEGmF0DJmQ04DRNIO84=
-20,39,YO2ApjSIOGfadRYIjn39els5H3s=,B+Q6y6/7ZEGmF0DJmQ04DRNIO84=
-21,41,YO2ApjSIOGfadRYIjn39els5H3s=,nABr3ky7j4N8eVx8TPd8p9PfqUg=
-23,39,KbDZzAnUg7rdyaX7K+W6XZfy2/k=,Y6XKUrAXRp/yXEfmUHEinT0AdPY=
-20,41,YO2ApjSIOGfadRYIjn39els5H3s=,B+Q6y6/7ZEGmF0DJmQ04DRNIO84=
-21,42,uwQsN/hGaV8xM202iRDXfhsQGYs=,nABr3ky7j4N8eVx8TPd8p9PfqUg=
-22,40,YO2ApjSIOGfadRYIjn39els5H3s=,nABr3ky7j4N8eVx8TPd8p9PfqUg=
-23,40,3EXLcFRYB6fD+TRc7jbHCJap2CQ=,nABr3ky7j4N8eVx8TPd8p9PfqUg=
-23,41,3EXLcFRYB6fD+TRc7jbHCJap2CQ=,nABr3ky7j4N8eVx8TPd8p9PfqUg=
-22,42,uwQsN/hGaV8xM202iRDXfhsQGYs=,nABr3ky7j4N8eVx8TPd8p9PfqUg=
-21,40,YO2ApjSIOGfadRYIjn39els5H3s=,nABr3ky7j4N8eVx8TPd8p9PfqUg=
-22,41,YO2ApjSIOGfadRYIjn39els5H3s=,nABr3ky7j4N8eVx8TPd8p9PfqUg=
-25,40,3EXLcFRYB6fD+TRc7jbHCJap2CQ=,/i6Dq6NAigKLlh5YIZnW71aqB6c=
-24,40,3EXLcFRYB6fD+TRc7jbHCJap2CQ=,nABr3ky7j4N8eVx8TPd8p9PfqUg=
-26,42,9tgJhDeJ2bf3qTtL55rttJ/PS+I=,/i6Dq6NAigKLlh5YIZnW71aqB6c=
-25,41,FPsIV4nJ8vCQOYIKzwG1eMlKh8o=,/i6Dq6NAigKLlh5YIZnW71aqB6c=
-26,41,KbDZzAnUg7rdyaX7K+W6XZfy2/k=,/i6Dq6NAigKLlh5YIZnW71aqB6c=
-27,42,g8TumP2x7HXbPdQMJu4tTY+z7Qo=,/i6Dq6NAigKLlh5YIZnW71aqB6c=
-27,39,GnJ5RxJxpuljq14G1V21/99AOOk=,KHSIVM32Pr4hZ+W1O9wok4dhvxs=
-26,40,KisCW2yNavg4J41ycDkPdWsUTqc=,/i6Dq6NAigKLlh5YIZnW71aqB6c=
-26,39,3EXLcFRYB6fD+TRc7jbHCJap2CQ=,KHSIVM32Pr4hZ+W1O9wok4dhvxs=
-24,42,uwQsN/hGaV8xM202iRDXfhsQGYs=,nABr3ky7j4N8eVx8TPd8p9PfqUg=
-25,42,uwQsN/hGaV8xM202iRDXfhsQGYs=,/i6Dq6NAigKLlh5YIZnW71aqB6c=
-27,40,GnJ5RxJxpuljq14G1V21/99AOOk=,/i6Dq6NAigKLlh5YIZnW71aqB6c=
-24,39,KbDZzAnUg7rdyaX7K+W6XZfy2/k=,Y6XKUrAXRp/yXEfmUHEinT0AdPY=
-24,41,KbDZzAnUg7rdyaX7K+W6XZfy2/k=,nABr3ky7j4N8eVx8TPd8p9PfqUg=
-27,41,GnJ5RxJxpuljq14G1V21/99AOOk=,/i6Dq6NAigKLlh5YIZnW71aqB6c=
-25,39,3EXLcFRYB6fD+TRc7jbHCJap2CQ=,KHSIVM32Pr4hZ+W1O9wok4dhvxs=
-27,33,Hk8slWuqVoxFt5vn/VaFqSsBlJ8=,KHSIVM32Pr4hZ+W1O9wok4dhvxs=
-24,36,3EXLcFRYB6fD+TRc7jbHCJap2CQ=,Y6XKUrAXRp/yXEfmUHEinT0AdPY=
-24,33,Hk8slWuqVoxFt5vn/VaFqSsBlJ8=,j6TB7ZLFbIoNp1j9VStvsVOE80U=
-24,34,3EXLcFRYB6fD+TRc7jbHCJap2CQ=,j6TB7ZLFbIoNp1j9VStvsVOE80U=
-25,35,GnJ5RxJxpuljq14G1V21/99AOOk=,KHSIVM32Pr4hZ+W1O9wok4dhvxs=
-25,34,3EXLcFRYB6fD+TRc7jbHCJap2CQ=,KHSIVM32Pr4hZ+W1O9wok4dhvxs=
-27,35,GnJ5RxJxpuljq14G1V21/99AOOk=,KHSIVM32Pr4hZ+W1O9wok4dhvxs=
-27,36,GnJ5RxJxpuljq14G1V21/99AOOk=,KHSIVM32Pr4hZ+W1O9wok4dhvxs=
-26,36,3EXLcFRYB6fD+TRc7jbHCJap2CQ=,KHSIVM32Pr4hZ+W1O9wok4dhvxs=
-26,35,GnJ5RxJxpuljq14G1V21/99AOOk=,KHSIVM32Pr4hZ+W1O9wok4dhvxs=
-27,34,GnJ5RxJxpuljq14G1V21/99AOOk=,KHSIVM32Pr4hZ+W1O9wok4dhvxs=
-26,34,3EXLcFRYB6fD+TRc7jbHCJap2CQ=,KHSIVM32Pr4hZ+W1O9wok4dhvxs=
-25,33,Hk8slWuqVoxFt5vn/VaFqSsBlJ8=,KHSIVM32Pr4hZ+W1O9wok4dhvxs=
-26,33,Hk8slWuqVoxFt5vn/VaFqSsBlJ8=,KHSIVM32Pr4hZ+W1O9wok4dhvxs=
-24,35,3EXLcFRYB6fD+TRc7jbHCJap2CQ=,j6TB7ZLFbIoNp1j9VStvsVOE80U=
-25,36,3EXLcFRYB6fD+TRc7jbHCJap2CQ=,KHSIVM32Pr4hZ+W1O9wok4dhvxs=
-31,42,6kE7V8juFvStCnM+oELf8pNMjZo=,zRaNiefpC/pri2/cUpkz+0j+5Uo=
-28,33,Hk8slWuqVoxFt5vn/VaFqSsBlJ8=,KHSIVM32Pr4hZ+W1O9wok4dhvxs=
-31,33,6kE7V8juFvStCnM+oELf8pNMjZo=,c5ngyJbQpTXhMVyXgWEKfCFv5S8=
-29,34,GnJ5RxJxpuljq14G1V21/99AOOk=,c5ngyJbQpTXhMVyXgWEKfCFv5S8=
-29,33,Hk8slWuqVoxFt5vn/VaFqSsBlJ8=,c5ngyJbQpTXhMVyXgWEKfCFv5S8=
-30,33,Hk8slWuqVoxFt5vn/VaFqSsBlJ8=,c5ngyJbQpTXhMVyXgWEKfCFv5S8=
-31,41,g8TumP2x7HXbPdQMJu4tTY+z7Qo=,zRaNiefpC/pri2/cUpkz+0j+5Uo=
-30,34,GnJ5RxJxpuljq14G1V21/99AOOk=,c5ngyJbQpTXhMVyXgWEKfCFv5S8=
-30,42,g8TumP2x7HXbPdQMJu4tTY+z7Qo=,zRaNiefpC/pri2/cUpkz+0j+5Uo=
-28,34,GnJ5RxJxpuljq14G1V21/99AOOk=,KHSIVM32Pr4hZ+W1O9wok4dhvxs=
-29,41,GnJ5RxJxpuljq14G1V21/99AOOk=,zRaNiefpC/pri2/cUpkz+0j+5Uo=
-29,42,g8TumP2x7HXbPdQMJu4tTY+z7Qo=,zRaNiefpC/pri2/cUpkz+0j+5Uo=
-30,41,GnJ5RxJxpuljq14G1V21/99AOOk=,zRaNiefpC/pri2/cUpkz+0j+5Uo=
-28,41,GnJ5RxJxpuljq14G1V21/99AOOk=,/i6Dq6NAigKLlh5YIZnW71aqB6c=
-31,34,6kE7V8juFvStCnM+oELf8pNMjZo=,c5ngyJbQpTXhMVyXgWEKfCFv5S8=
-28,42,9tgJhDeJ2bf3qTtL55rttJ/PS+I=,/i6Dq6NAigKLlh5YIZnW71aqB6c=
-31,38,g8TumP2x7HXbPdQMJu4tTY+z7Qo=,c5ngyJbQpTXhMVyXgWEKfCFv5S8=
-30,38,GnJ5RxJxpuljq14G1V21/99AOOk=,c5ngyJbQpTXhMVyXgWEKfCFv5S8=
-29,39,GnJ5RxJxpuljq14G1V21/99AOOk=,c5ngyJbQpTXhMVyXgWEKfCFv5S8=
-28,39,GnJ5RxJxpuljq14G1V21/99AOOk=,KHSIVM32Pr4hZ+W1O9wok4dhvxs=
-29,40,GnJ5RxJxpuljq14G1V21/99AOOk=,zRaNiefpC/pri2/cUpkz+0j+5Uo=
-30,39,GnJ5RxJxpuljq14G1V21/99AOOk=,c5ngyJbQpTXhMVyXgWEKfCFv5S8=
-31,37,6kE7V8juFvStCnM+oELf8pNMjZo=,c5ngyJbQpTXhMVyXgWEKfCFv5S8=
-31,35,6kE7V8juFvStCnM+oELf8pNMjZo=,c5ngyJbQpTXhMVyXgWEKfCFv5S8=
-30,37,GnJ5RxJxpuljq14G1V21/99AOOk=,c5ngyJbQpTXhMVyXgWEKfCFv5S8=
-28,40,GnJ5RxJxpuljq14G1V21/99AOOk=,/i6Dq6NAigKLlh5YIZnW71aqB6c=
-28,37,GnJ5RxJxpuljq14G1V21/99AOOk=,KHSIVM32Pr4hZ+W1O9wok4dhvxs=
-29,36,GnJ5RxJxpuljq14G1V21/99AOOk=,c5ngyJbQpTXhMVyXgWEKfCFv5S8=
-28,35,GnJ5RxJxpuljq14G1V21/99AOOk=,KHSIVM32Pr4hZ+W1O9wok4dhvxs=
-31,39,g8TumP2x7HXbPdQMJu4tTY+z7Qo=,c5ngyJbQpTXhMVyXgWEKfCFv5S8=
-28,36,GnJ5RxJxpuljq14G1V21/99AOOk=,KHSIVM32Pr4hZ+W1O9wok4dhvxs=
-30,36,GnJ5RxJxpuljq14G1V21/99AOOk=,c5ngyJbQpTXhMVyXgWEKfCFv5S8=
-28,38,GnJ5RxJxpuljq14G1V21/99AOOk=,KHSIVM32Pr4hZ+W1O9wok4dhvxs=
-29,37,GnJ5RxJxpuljq14G1V21/99AOOk=,c5ngyJbQpTXhMVyXgWEKfCFv5S8=
-31,40,GnJ5RxJxpuljq14G1V21/99AOOk=,zRaNiefpC/pri2/cUpkz+0j+5Uo=
-29,35,GnJ5RxJxpuljq14G1V21/99AOOk=,c5ngyJbQpTXhMVyXgWEKfCFv5S8=
-31,36,Hk8slWuqVoxFt5vn/VaFqSsBlJ8=,c5ngyJbQpTXhMVyXgWEKfCFv5S8=
-29,38,GnJ5RxJxpuljq14G1V21/99AOOk=,c5ngyJbQpTXhMVyXgWEKfCFv5S8=
-30,40,GnJ5RxJxpuljq14G1V21/99AOOk=,zRaNiefpC/pri2/cUpkz+0j+5Uo=
-30,35,GnJ5RxJxpuljq14G1V21/99AOOk=,c5ngyJbQpTXhMVyXgWEKfCFv5S8=
-32,37,6kE7V8juFvStCnM+oELf8pNMjZo=,c5ngyJbQpTXhMVyXgWEKfCFv5S8=
-32,39,g8TumP2x7HXbPdQMJu4tTY+z7Qo=,c5ngyJbQpTXhMVyXgWEKfCFv5S8=
-32,40,GnJ5RxJxpuljq14G1V21/99AOOk=,zRaNiefpC/pri2/cUpkz+0j+5Uo=
-32,41,GnJ5RxJxpuljq14G1V21/99AOOk=,zRaNiefpC/pri2/cUpkz+0j+5Uo=
-32,38,g8TumP2x7HXbPdQMJu4tTY+z7Qo=,c5ngyJbQpTXhMVyXgWEKfCFv5S8=
-31,43,6kE7V8juFvStCnM+oELf8pNMjZo=,zRaNiefpC/pri2/cUpkz+0j+5Uo=
-32,42,6kE7V8juFvStCnM+oELf8pNMjZo=,zRaNiefpC/pri2/cUpkz+0j+5Uo=
-32,36,6kE7V8juFvStCnM+oELf8pNMjZo=,c5ngyJbQpTXhMVyXgWEKfCFv5S8=
-32,35,6kE7V8juFvStCnM+oELf8pNMjZo=,c5ngyJbQpTXhMVyXgWEKfCFv5S8=
-32,34,6kE7V8juFvStCnM+oELf8pNMjZo=,c5ngyJbQpTXhMVyXgWEKfCFv5S8=
-30,43,9tgJhDeJ2bf3qTtL55rttJ/PS+I=,zRaNiefpC/pri2/cUpkz+0j+5Uo=
-32,33,6kE7V8juFvStCnM+oELf8pNMjZo=,c5ngyJbQpTXhMVyXgWEKfCFv5S8=
-32,43,6kE7V8juFvStCnM+oELf8pNMjZo=,zRaNiefpC/pri2/cUpkz+0j+5Uo=
-17,41,Hk8slWuqVoxFt5vn/VaFqSsBlJ8=,B+Q6y6/7ZEGmF0DJmQ04DRNIO84=
-17,42,6kE7V8juFvStCnM+oELf8pNMjZo=,B+Q6y6/7ZEGmF0DJmQ04DRNIO84=
-23,43,uwQsN/hGaV8xM202iRDXfhsQGYs=,nABr3ky7j4N8eVx8TPd8p9PfqUg=
-22,43,9tgJhDeJ2bf3qTtL55rttJ/PS+I=,nABr3ky7j4N8eVx8TPd8p9PfqUg=
-21,43,uwQsN/hGaV8xM202iRDXfhsQGYs=,nABr3ky7j4N8eVx8TPd8p9PfqUg=
-20,43,9tgJhDeJ2bf3qTtL55rttJ/PS+I=,B+Q6y6/7ZEGmF0DJmQ04DRNIO84=
-29,43,g8TumP2x7HXbPdQMJu4tTY+z7Qo=,zRaNiefpC/pri2/cUpkz+0j+5Uo=
-18,43,6kE7V8juFvStCnM+oELf8pNMjZo=,B+Q6y6/7ZEGmF0DJmQ04DRNIO84=
-25,43,uwQsN/hGaV8xM202iRDXfhsQGYs=,/i6Dq6NAigKLlh5YIZnW71aqB6c=
-28,43,9tgJhDeJ2bf3qTtL55rttJ/PS+I=,/i6Dq6NAigKLlh5YIZnW71aqB6c=
-26,43,uwQsN/hGaV8xM202iRDXfhsQGYs=,/i6Dq6NAigKLlh5YIZnW71aqB6c=
-24,43,uwQsN/hGaV8xM202iRDXfhsQGYs=,nABr3ky7j4N8eVx8TPd8p9PfqUg=
-19,43,uwQsN/hGaV8xM202iRDXfhsQGYs=,B+Q6y6/7ZEGmF0DJmQ04DRNIO84=
-27,43,9tgJhDeJ2bf3qTtL55rttJ/PS+I=,/i6Dq6NAigKLlh5YIZnW71aqB6c=
-18,32,6kE7V8juFvStCnM+oELf8pNMjZo=,nn3+XKf03TrikWYni9ouLUkfyp0=
-17,40,Hk8slWuqVoxFt5vn/VaFqSsBlJ8=,B+Q6y6/7ZEGmF0DJmQ04DRNIO84=
-17,36,Hk8slWuqVoxFt5vn/VaFqSsBlJ8=,B+Q6y6/7ZEGmF0DJmQ04DRNIO84=
-17,33,6kE7V8juFvStCnM+oELf8pNMjZo=,nn3+XKf03TrikWYni9ouLUkfyp0=
-19,32,Hk8slWuqVoxFt5vn/VaFqSsBlJ8=,nn3+XKf03TrikWYni9ouLUkfyp0=
-17,39,Hk8slWuqVoxFt5vn/VaFqSsBlJ8=,B+Q6y6/7ZEGmF0DJmQ04DRNIO84=
-17,34,Hk8slWuqVoxFt5vn/VaFqSsBlJ8=,nn3+XKf03TrikWYni9ouLUkfyp0=
-17,35,Hk8slWuqVoxFt5vn/VaFqSsBlJ8=,nn3+XKf03TrikWYni9ouLUkfyp0=
-17,37,Hk8slWuqVoxFt5vn/VaFqSsBlJ8=,B+Q6y6/7ZEGmF0DJmQ04DRNIO84=
-23,32,Hk8slWuqVoxFt5vn/VaFqSsBlJ8=,j6TB7ZLFbIoNp1j9VStvsVOE80U=
-22,32,Hk8slWuqVoxFt5vn/VaFqSsBlJ8=,j6TB7ZLFbIoNp1j9VStvsVOE80U=
-21,32,Hk8slWuqVoxFt5vn/VaFqSsBlJ8=,j6TB7ZLFbIoNp1j9VStvsVOE80U=
-20,32,Hk8slWuqVoxFt5vn/VaFqSsBlJ8=,nn3+XKf03TrikWYni9ouLUkfyp0=
-17,38,uwQsN/hGaV8xM202iRDXfhsQGYs=,B+Q6y6/7ZEGmF0DJmQ04DRNIO84=
-17,43,6kE7V8juFvStCnM+oELf8pNMjZo=,B+Q6y6/7ZEGmF0DJmQ04DRNIO84=
-32,32,6kE7V8juFvStCnM+oELf8pNMjZo=,c5ngyJbQpTXhMVyXgWEKfCFv5S8=
-31,32,6kE7V8juFvStCnM+oELf8pNMjZo=,c5ngyJbQpTXhMVyXgWEKfCFv5S8=
-30,32,Hk8slWuqVoxFt5vn/VaFqSsBlJ8=,c5ngyJbQpTXhMVyXgWEKfCFv5S8=
-29,32,Hk8slWuqVoxFt5vn/VaFqSsBlJ8=,c5ngyJbQpTXhMVyXgWEKfCFv5S8=
-25,32,Hk8slWuqVoxFt5vn/VaFqSsBlJ8=,KHSIVM32Pr4hZ+W1O9wok4dhvxs=
-26,32,Hk8slWuqVoxFt5vn/VaFqSsBlJ8=,KHSIVM32Pr4hZ+W1O9wok4dhvxs=
-27,32,Hk8slWuqVoxFt5vn/VaFqSsBlJ8=,KHSIVM32Pr4hZ+W1O9wok4dhvxs=
-28,32,Hk8slWuqVoxFt5vn/VaFqSsBlJ8=,KHSIVM32Pr4hZ+W1O9wok4dhvxs=
-17,32,6kE7V8juFvStCnM+oELf8pNMjZo=,nn3+XKf03TrikWYni9ouLUkfyp0=
-24,32,Hk8slWuqVoxFt5vn/VaFqSsBlJ8=,j6TB7ZLFbIoNp1j9VStvsVOE80U=
-10,38,URKivZInz189q4xlMXaGROmpsw4=,n0WuA/pNekLCeiDxQts/+66+cv4=
-11,38,zkCyJMlZxFaZl26xjW9Q5N4cE6s=,n0WuA/pNekLCeiDxQts/+66+cv4=
-15,38,zkCyJMlZxFaZl26xjW9Q5N4cE6s=,w/3raG/nheoKYjCWv3IYb3H07/Y=
-11,37,zkCyJMlZxFaZl26xjW9Q5N4cE6s=,n0WuA/pNekLCeiDxQts/+66+cv4=
-13,38,zkCyJMlZxFaZl26xjW9Q5N4cE6s=,w/3raG/nheoKYjCWv3IYb3H07/Y=
-12,38,zkCyJMlZxFaZl26xjW9Q5N4cE6s=,n0WuA/pNekLCeiDxQts/+66+cv4=
-16,38,zkCyJMlZxFaZl26xjW9Q5N4cE6s=,w/3raG/nheoKYjCWv3IYb3H07/Y=
-13,37,zkCyJMlZxFaZl26xjW9Q5N4cE6s=,w/3raG/nheoKYjCWv3IYb3H07/Y=
-14,37,zkCyJMlZxFaZl26xjW9Q5N4cE6s=,w/3raG/nheoKYjCWv3IYb3H07/Y=
-14,38,zkCyJMlZxFaZl26xjW9Q5N4cE6s=,w/3raG/nheoKYjCWv3IYb3H07/Y=
-12,37,zkCyJMlZxFaZl26xjW9Q5N4cE6s=,n0WuA/pNekLCeiDxQts/+66+cv4=
-15,37,HYx/ROzErQxtpL6/d6TVl4Rhvv0=,w/3raG/nheoKYjCWv3IYb3H07/Y=
-16,37,zkCyJMlZxFaZl26xjW9Q5N4cE6s=,w/3raG/nheoKYjCWv3IYb3H07/Y=
-10,40,ZUDA2qg72YMooAVl+pdGakNj52A=,n0WuA/pNekLCeiDxQts/+66+cv4=
-10,37,ZUDA2qg72YMooAVl+pdGakNj52A=,n0WuA/pNekLCeiDxQts/+66+cv4=
-14,40,zkCyJMlZxFaZl26xjW9Q5N4cE6s=,Kr4JhzLDnZODgCheT0B4u9d9QQs=
-12,39,zkCyJMlZxFaZl26xjW9Q5N4cE6s=,n0WuA/pNekLCeiDxQts/+66+cv4=
-12,42,zkCyJMlZxFaZl26xjW9Q5N4cE6s=,n0WuA/pNekLCeiDxQts/+66+cv4=
-14,41,zkCyJMlZxFaZl26xjW9Q5N4cE6s=,Kr4JhzLDnZODgCheT0B4u9d9QQs=
-10,42,zkCyJMlZxFaZl26xjW9Q5N4cE6s=,n0WuA/pNekLCeiDxQts/+66+cv4=
-11,42,zkCyJMlZxFaZl26xjW9Q5N4cE6s=,n0WuA/pNekLCeiDxQts/+66+cv4=
-14,42,zkCyJMlZxFaZl26xjW9Q5N4cE6s=,Kr4JhzLDnZODgCheT0B4u9d9QQs=
-10,41,ZUDA2qg72YMooAVl+pdGakNj52A=,n0WuA/pNekLCeiDxQts/+66+cv4=
-14,39,zkCyJMlZxFaZl26xjW9Q5N4cE6s=,w/3raG/nheoKYjCWv3IYb3H07/Y=
-11,41,zkCyJMlZxFaZl26xjW9Q5N4cE6s=,n0WuA/pNekLCeiDxQts/+66+cv4=
-11,39,zkCyJMlZxFaZl26xjW9Q5N4cE6s=,n0WuA/pNekLCeiDxQts/+66+cv4=
-13,42,zkCyJMlZxFaZl26xjW9Q5N4cE6s=,Kr4JhzLDnZODgCheT0B4u9d9QQs=
-15,41,zkCyJMlZxFaZl26xjW9Q5N4cE6s=,Kr4JhzLDnZODgCheT0B4u9d9QQs=
-15,40,zkCyJMlZxFaZl26xjW9Q5N4cE6s=,Kr4JhzLDnZODgCheT0B4u9d9QQs=
-15,42,zkCyJMlZxFaZl26xjW9Q5N4cE6s=,Kr4JhzLDnZODgCheT0B4u9d9QQs=
-12,41,zkCyJMlZxFaZl26xjW9Q5N4cE6s=,n0WuA/pNekLCeiDxQts/+66+cv4=
-13,39,zkCyJMlZxFaZl26xjW9Q5N4cE6s=,w/3raG/nheoKYjCWv3IYb3H07/Y=
-11,40,zkCyJMlZxFaZl26xjW9Q5N4cE6s=,n0WuA/pNekLCeiDxQts/+66+cv4=
-13,41,zkCyJMlZxFaZl26xjW9Q5N4cE6s=,Kr4JhzLDnZODgCheT0B4u9d9QQs=
-12,40,zkCyJMlZxFaZl26xjW9Q5N4cE6s=,n0WuA/pNekLCeiDxQts/+66+cv4=
-15,39,zkCyJMlZxFaZl26xjW9Q5N4cE6s=,w/3raG/nheoKYjCWv3IYb3H07/Y=
-10,39,ZUDA2qg72YMooAVl+pdGakNj52A=,n0WuA/pNekLCeiDxQts/+66+cv4=
-13,40,zkCyJMlZxFaZl26xjW9Q5N4cE6s=,Kr4JhzLDnZODgCheT0B4u9d9QQs=
-10,34,ZUDA2qg72YMooAVl+pdGakNj52A=,PggkYLpMr0pGMGTOCTlSPj6ycWo=
-11,35,zkCyJMlZxFaZl26xjW9Q5N4cE6s=,PggkYLpMr0pGMGTOCTlSPj6ycWo=
-11,34,zkCyJMlZxFaZl26xjW9Q5N4cE6s=,PggkYLpMr0pGMGTOCTlSPj6ycWo=
-8,37,ZUDA2qg72YMooAVl+pdGakNj52A=,SutVMQQwV1lo1kbPByTtGundVBI=
-10,33,EWsjFzVuxN5DrKvm6CCnanceY/0=,PggkYLpMr0pGMGTOCTlSPj6ycWo=
-11,36,zkCyJMlZxFaZl26xjW9Q5N4cE6s=,n0WuA/pNekLCeiDxQts/+66+cv4=
-9,34,ZUDA2qg72YMooAVl+pdGakNj52A=,PggkYLpMr0pGMGTOCTlSPj6ycWo=
-9,37,ZUDA2qg72YMooAVl+pdGakNj52A=,n0WuA/pNekLCeiDxQts/+66+cv4=
-7,33,EWsjFzVuxN5DrKvm6CCnanceY/0=,PggkYLpMr0pGMGTOCTlSPj6ycWo=
-9,33,EWsjFzVuxN5DrKvm6CCnanceY/0=,PggkYLpMr0pGMGTOCTlSPj6ycWo=
-6,34,5w5d7sc8RjYZScFje1lP3gpyPVo=,PggkYLpMr0pGMGTOCTlSPj6ycWo=
-7,37,ZUDA2qg72YMooAVl+pdGakNj52A=,SutVMQQwV1lo1kbPByTtGundVBI=
-10,35,ZUDA2qg72YMooAVl+pdGakNj52A=,PggkYLpMr0pGMGTOCTlSPj6ycWo=
-11,33,zkCyJMlZxFaZl26xjW9Q5N4cE6s=,PggkYLpMr0pGMGTOCTlSPj6ycWo=
-6,36,cGoNAf9ohOnQQbnKXZxR+NSduis=,SutVMQQwV1lo1kbPByTtGundVBI=
-7,36,ZUDA2qg72YMooAVl+pdGakNj52A=,SutVMQQwV1lo1kbPByTtGundVBI=
-7,34,ZUDA2qg72YMooAVl+pdGakNj52A=,PggkYLpMr0pGMGTOCTlSPj6ycWo=
-8,33,EWsjFzVuxN5DrKvm6CCnanceY/0=,PggkYLpMr0pGMGTOCTlSPj6ycWo=
-6,35,cGoNAf9ohOnQQbnKXZxR+NSduis=,PggkYLpMr0pGMGTOCTlSPj6ycWo=
-8,36,ZUDA2qg72YMooAVl+pdGakNj52A=,SutVMQQwV1lo1kbPByTtGundVBI=
-6,33,EWsjFzVuxN5DrKvm6CCnanceY/0=,PggkYLpMr0pGMGTOCTlSPj6ycWo=
-8,34,ZUDA2qg72YMooAVl+pdGakNj52A=,PggkYLpMr0pGMGTOCTlSPj6ycWo=
-10,36,ZUDA2qg72YMooAVl+pdGakNj52A=,n0WuA/pNekLCeiDxQts/+66+cv4=
-6,37,cGoNAf9ohOnQQbnKXZxR+NSduis=,SutVMQQwV1lo1kbPByTtGundVBI=
-7,38,ZUDA2qg72YMooAVl+pdGakNj52A=,SutVMQQwV1lo1kbPByTtGundVBI=
-7,35,ZUDA2qg72YMooAVl+pdGakNj52A=,PggkYLpMr0pGMGTOCTlSPj6ycWo=
-9,38,ZUDA2qg72YMooAVl+pdGakNj52A=,n0WuA/pNekLCeiDxQts/+66+cv4=
-6,38,URKivZInz189q4xlMXaGROmpsw4=,SutVMQQwV1lo1kbPByTtGundVBI=
-8,38,URKivZInz189q4xlMXaGROmpsw4=,SutVMQQwV1lo1kbPByTtGundVBI=
-7,41,ZUDA2qg72YMooAVl+pdGakNj52A=,qW6lbuqq6yGuDQP8zz4DrKIamCo=
-9,35,ZUDA2qg72YMooAVl+pdGakNj52A=,PggkYLpMr0pGMGTOCTlSPj6ycWo=
-8,35,ZUDA2qg72YMooAVl+pdGakNj52A=,PggkYLpMr0pGMGTOCTlSPj6ycWo=
-9,41,ZUDA2qg72YMooAVl+pdGakNj52A=,n0WuA/pNekLCeiDxQts/+66+cv4=
-9,36,ZUDA2qg72YMooAVl+pdGakNj52A=,n0WuA/pNekLCeiDxQts/+66+cv4=
-8,41,ZUDA2qg72YMooAVl+pdGakNj52A=,qW6lbuqq6yGuDQP8zz4DrKIamCo=
-9,42,zkCyJMlZxFaZl26xjW9Q5N4cE6s=,n0WuA/pNekLCeiDxQts/+66+cv4=
-7,42,zkCyJMlZxFaZl26xjW9Q5N4cE6s=,qW6lbuqq6yGuDQP8zz4DrKIamCo=
-8,42,zkCyJMlZxFaZl26xjW9Q5N4cE6s=,qW6lbuqq6yGuDQP8zz4DrKIamCo=
-6,41,URKivZInz189q4xlMXaGROmpsw4=,qW6lbuqq6yGuDQP8zz4DrKIamCo=
-6,42,zkCyJMlZxFaZl26xjW9Q5N4cE6s=,qW6lbuqq6yGuDQP8zz4DrKIamCo=
-6,39,URKivZInz189q4xlMXaGROmpsw4=,SutVMQQwV1lo1kbPByTtGundVBI=
-8,40,URKivZInz189q4xlMXaGROmpsw4=,qW6lbuqq6yGuDQP8zz4DrKIamCo=
-9,40,ZUDA2qg72YMooAVl+pdGakNj52A=,n0WuA/pNekLCeiDxQts/+66+cv4=
-7,40,URKivZInz189q4xlMXaGROmpsw4=,qW6lbuqq6yGuDQP8zz4DrKIamCo=
-8,39,URKivZInz189q4xlMXaGROmpsw4=,SutVMQQwV1lo1kbPByTtGundVBI=
-6,40,URKivZInz189q4xlMXaGROmpsw4=,qW6lbuqq6yGuDQP8zz4DrKIamCo=
-7,39,ZUDA2qg72YMooAVl+pdGakNj52A=,SutVMQQwV1lo1kbPByTtGundVBI=
-9,39,URKivZInz189q4xlMXaGROmpsw4=,n0WuA/pNekLCeiDxQts/+66+cv4=
-7,32,EWsjFzVuxN5DrKvm6CCnanceY/0=,PggkYLpMr0pGMGTOCTlSPj6ycWo=
-6,32,tVprpkvoXAjyweF8xOIRSspDYJA=,PggkYLpMr0pGMGTOCTlSPj6ycWo=
-11,32,zkCyJMlZxFaZl26xjW9Q5N4cE6s=,PggkYLpMr0pGMGTOCTlSPj6ycWo=
-1,33,zkCyJMlZxFaZl26xjW9Q5N4cE6s=,JdnRIBih+yovglDeKPH/xiQLS7s=
-8,32,EWsjFzVuxN5DrKvm6CCnanceY/0=,PggkYLpMr0pGMGTOCTlSPj6ycWo=
-9,32,EWsjFzVuxN5DrKvm6CCnanceY/0=,PggkYLpMr0pGMGTOCTlSPj6ycWo=
-10,32,EWsjFzVuxN5DrKvm6CCnanceY/0=,PggkYLpMr0pGMGTOCTlSPj6ycWo=
-2,32,zkCyJMlZxFaZl26xjW9Q5N4cE6s=,JdnRIBih+yovglDeKPH/xiQLS7s=
-3,34,ZUDA2qg72YMooAVl+pdGakNj52A=,JdnRIBih+yovglDeKPH/xiQLS7s=
-4,34,5w5d7sc8RjYZScFje1lP3gpyPVo=,JdnRIBih+yovglDeKPH/xiQLS7s=
-4,33,EWsjFzVuxN5DrKvm6CCnanceY/0=,JdnRIBih+yovglDeKPH/xiQLS7s=
-5,33,tVprpkvoXAjyweF8xOIRSspDYJA=,PggkYLpMr0pGMGTOCTlSPj6ycWo=
-5,34,5w5d7sc8RjYZScFje1lP3gpyPVo=,PggkYLpMr0pGMGTOCTlSPj6ycWo=
-3,33,EWsjFzVuxN5DrKvm6CCnanceY/0=,JdnRIBih+yovglDeKPH/xiQLS7s=
-5,32,tVprpkvoXAjyweF8xOIRSspDYJA=,PggkYLpMr0pGMGTOCTlSPj6ycWo=
-2,33,zkCyJMlZxFaZl26xjW9Q5N4cE6s=,JdnRIBih+yovglDeKPH/xiQLS7s=
-2,34,tVprpkvoXAjyweF8xOIRSspDYJA=,JdnRIBih+yovglDeKPH/xiQLS7s=
-3,32,tVprpkvoXAjyweF8xOIRSspDYJA=,JdnRIBih+yovglDeKPH/xiQLS7s=
-4,32,tVprpkvoXAjyweF8xOIRSspDYJA=,JdnRIBih+yovglDeKPH/xiQLS7s=
-1,34,tVprpkvoXAjyweF8xOIRSspDYJA=,JdnRIBih+yovglDeKPH/xiQLS7s=
-1,42,zkCyJMlZxFaZl26xjW9Q5N4cE6s=,fEbdwkfxamoitmC2lKntCJPg+90=
-5,42,zkCyJMlZxFaZl26xjW9Q5N4cE6s=,qW6lbuqq6yGuDQP8zz4DrKIamCo=
-1,40,URKivZInz189q4xlMXaGROmpsw4=,fEbdwkfxamoitmC2lKntCJPg+90=
-3,42,zkCyJMlZxFaZl26xjW9Q5N4cE6s=,fEbdwkfxamoitmC2lKntCJPg+90=
-4,42,zkCyJMlZxFaZl26xjW9Q5N4cE6s=,fEbdwkfxamoitmC2lKntCJPg+90=
-1,38,URKivZInz189q4xlMXaGROmpsw4=,JdnRIBih+yovglDeKPH/xiQLS7s=
-2,40,URKivZInz189q4xlMXaGROmpsw4=,fEbdwkfxamoitmC2lKntCJPg+90=
-5,36,cGoNAf9ohOnQQbnKXZxR+NSduis=,SutVMQQwV1lo1kbPByTtGundVBI=
-2,42,zkCyJMlZxFaZl26xjW9Q5N4cE6s=,fEbdwkfxamoitmC2lKntCJPg+90=
-1,41,URKivZInz189q4xlMXaGROmpsw4=,fEbdwkfxamoitmC2lKntCJPg+90=
-4,40,URKivZInz189q4xlMXaGROmpsw4=,fEbdwkfxamoitmC2lKntCJPg+90=
-2,38,tVprpkvoXAjyweF8xOIRSspDYJA=,JdnRIBih+yovglDeKPH/xiQLS7s=
-5,41,URKivZInz189q4xlMXaGROmpsw4=,qW6lbuqq6yGuDQP8zz4DrKIamCo=
-2,43,zkCyJMlZxFaZl26xjW9Q5N4cE6s=,fEbdwkfxamoitmC2lKntCJPg+90=
-3,41,URKivZInz189q4xlMXaGROmpsw4=,fEbdwkfxamoitmC2lKntCJPg+90=
-3,43,zkCyJMlZxFaZl26xjW9Q5N4cE6s=,fEbdwkfxamoitmC2lKntCJPg+90=
-4,38,URKivZInz189q4xlMXaGROmpsw4=,JdnRIBih+yovglDeKPH/xiQLS7s=
-5,40,URKivZInz189q4xlMXaGROmpsw4=,qW6lbuqq6yGuDQP8zz4DrKIamCo=
-2,37,tVprpkvoXAjyweF8xOIRSspDYJA=,JdnRIBih+yovglDeKPH/xiQLS7s=
-4,39,URKivZInz189q4xlMXaGROmpsw4=,JdnRIBih+yovglDeKPH/xiQLS7s=
-2,41,URKivZInz189q4xlMXaGROmpsw4=,fEbdwkfxamoitmC2lKntCJPg+90=
-5,39,URKivZInz189q4xlMXaGROmpsw4=,SutVMQQwV1lo1kbPByTtGundVBI=
-5,35,cGoNAf9ohOnQQbnKXZxR+NSduis=,PggkYLpMr0pGMGTOCTlSPj6ycWo=
-2,36,tVprpkvoXAjyweF8xOIRSspDYJA=,JdnRIBih+yovglDeKPH/xiQLS7s=
-3,38,URKivZInz189q4xlMXaGROmpsw4=,JdnRIBih+yovglDeKPH/xiQLS7s=
-4,37,5w5d7sc8RjYZScFje1lP3gpyPVo=,JdnRIBih+yovglDeKPH/xiQLS7s=
-3,36,5w5d7sc8RjYZScFje1lP3gpyPVo=,JdnRIBih+yovglDeKPH/xiQLS7s=
-5,38,URKivZInz189q4xlMXaGROmpsw4=,SutVMQQwV1lo1kbPByTtGundVBI=
-1,36,tVprpkvoXAjyweF8xOIRSspDYJA=,JdnRIBih+yovglDeKPH/xiQLS7s=
-4,36,cGoNAf9ohOnQQbnKXZxR+NSduis=,JdnRIBih+yovglDeKPH/xiQLS7s=
-1,39,URKivZInz189q4xlMXaGROmpsw4=,JdnRIBih+yovglDeKPH/xiQLS7s=
-4,41,URKivZInz189q4xlMXaGROmpsw4=,fEbdwkfxamoitmC2lKntCJPg+90=
-3,39,URKivZInz189q4xlMXaGROmpsw4=,JdnRIBih+yovglDeKPH/xiQLS7s=
-3,35,cGoNAf9ohOnQQbnKXZxR+NSduis=,JdnRIBih+yovglDeKPH/xiQLS7s=
-5,37,5w5d7sc8RjYZScFje1lP3gpyPVo=,SutVMQQwV1lo1kbPByTtGundVBI=
-4,35,cGoNAf9ohOnQQbnKXZxR+NSduis=,JdnRIBih+yovglDeKPH/xiQLS7s=
-1,37,tVprpkvoXAjyweF8xOIRSspDYJA=,JdnRIBih+yovglDeKPH/xiQLS7s=
-2,35,tVprpkvoXAjyweF8xOIRSspDYJA=,JdnRIBih+yovglDeKPH/xiQLS7s=
-3,40,URKivZInz189q4xlMXaGROmpsw4=,fEbdwkfxamoitmC2lKntCJPg+90=
-1,35,tVprpkvoXAjyweF8xOIRSspDYJA=,JdnRIBih+yovglDeKPH/xiQLS7s=
-2,39,URKivZInz189q4xlMXaGROmpsw4=,JdnRIBih+yovglDeKPH/xiQLS7s=
-3,37,5w5d7sc8RjYZScFje1lP3gpyPVo=,JdnRIBih+yovglDeKPH/xiQLS7s=
-16,41,zkCyJMlZxFaZl26xjW9Q5N4cE6s=,Kr4JhzLDnZODgCheT0B4u9d9QQs=
-16,40,zkCyJMlZxFaZl26xjW9Q5N4cE6s=,Kr4JhzLDnZODgCheT0B4u9d9QQs=
-16,42,zkCyJMlZxFaZl26xjW9Q5N4cE6s=,Kr4JhzLDnZODgCheT0B4u9d9QQs=
-16,39,zkCyJMlZxFaZl26xjW9Q5N4cE6s=,w/3raG/nheoKYjCWv3IYb3H07/Y=
-10,43,zkCyJMlZxFaZl26xjW9Q5N4cE6s=,n0WuA/pNekLCeiDxQts/+66+cv4=
-11,43,zkCyJMlZxFaZl26xjW9Q5N4cE6s=,n0WuA/pNekLCeiDxQts/+66+cv4=
-14,43,zkCyJMlZxFaZl26xjW9Q5N4cE6s=,Kr4JhzLDnZODgCheT0B4u9d9QQs=
-15,43,zkCyJMlZxFaZl26xjW9Q5N4cE6s=,Kr4JhzLDnZODgCheT0B4u9d9QQs=
-12,43,zkCyJMlZxFaZl26xjW9Q5N4cE6s=,n0WuA/pNekLCeiDxQts/+66+cv4=
-13,43,zkCyJMlZxFaZl26xjW9Q5N4cE6s=,Kr4JhzLDnZODgCheT0B4u9d9QQs=
-14,33,zkCyJMlZxFaZl26xjW9Q5N4cE6s=,w/3raG/nheoKYjCWv3IYb3H07/Y=
-14,35,HYx/ROzErQxtpL6/d6TVl4Rhvv0=,w/3raG/nheoKYjCWv3IYb3H07/Y=
-14,32,zkCyJMlZxFaZl26xjW9Q5N4cE6s=,w/3raG/nheoKYjCWv3IYb3H07/Y=
-15,34,zkCyJMlZxFaZl26xjW9Q5N4cE6s=,w/3raG/nheoKYjCWv3IYb3H07/Y=
-15,32,zkCyJMlZxFaZl26xjW9Q5N4cE6s=,w/3raG/nheoKYjCWv3IYb3H07/Y=
-15,33,zkCyJMlZxFaZl26xjW9Q5N4cE6s=,w/3raG/nheoKYjCWv3IYb3H07/Y=
-16,34,zkCyJMlZxFaZl26xjW9Q5N4cE6s=,w/3raG/nheoKYjCWv3IYb3H07/Y=
-12,33,zkCyJMlZxFaZl26xjW9Q5N4cE6s=,PggkYLpMr0pGMGTOCTlSPj6ycWo=
-12,34,zkCyJMlZxFaZl26xjW9Q5N4cE6s=,PggkYLpMr0pGMGTOCTlSPj6ycWo=
-12,36,zkCyJMlZxFaZl26xjW9Q5N4cE6s=,n0WuA/pNekLCeiDxQts/+66+cv4=
-12,32,zkCyJMlZxFaZl26xjW9Q5N4cE6s=,PggkYLpMr0pGMGTOCTlSPj6ycWo=
-16,36,zkCyJMlZxFaZl26xjW9Q5N4cE6s=,w/3raG/nheoKYjCWv3IYb3H07/Y=
-13,35,HYx/ROzErQxtpL6/d6TVl4Rhvv0=,w/3raG/nheoKYjCWv3IYb3H07/Y=
-16,35,zkCyJMlZxFaZl26xjW9Q5N4cE6s=,w/3raG/nheoKYjCWv3IYb3H07/Y=
-16,32,zkCyJMlZxFaZl26xjW9Q5N4cE6s=,w/3raG/nheoKYjCWv3IYb3H07/Y=
-13,32,zkCyJMlZxFaZl26xjW9Q5N4cE6s=,w/3raG/nheoKYjCWv3IYb3H07/Y=
-16,33,zkCyJMlZxFaZl26xjW9Q5N4cE6s=,w/3raG/nheoKYjCWv3IYb3H07/Y=
-15,35,HYx/ROzErQxtpL6/d6TVl4Rhvv0=,w/3raG/nheoKYjCWv3IYb3H07/Y=
-13,34,HYx/ROzErQxtpL6/d6TVl4Rhvv0=,w/3raG/nheoKYjCWv3IYb3H07/Y=
-14,34,zkCyJMlZxFaZl26xjW9Q5N4cE6s=,w/3raG/nheoKYjCWv3IYb3H07/Y=
-13,33,zkCyJMlZxFaZl26xjW9Q5N4cE6s=,w/3raG/nheoKYjCWv3IYb3H07/Y=
-15,36,zkCyJMlZxFaZl26xjW9Q5N4cE6s=,w/3raG/nheoKYjCWv3IYb3H07/Y=
-12,35,zkCyJMlZxFaZl26xjW9Q5N4cE6s=,PggkYLpMr0pGMGTOCTlSPj6ycWo=
-13,36,HYx/ROzErQxtpL6/d6TVl4Rhvv0=,w/3raG/nheoKYjCWv3IYb3H07/Y=
-14,36,HYx/ROzErQxtpL6/d6TVl4Rhvv0=,w/3raG/nheoKYjCWv3IYb3H07/Y=
-16,43,zkCyJMlZxFaZl26xjW9Q5N4cE6s=,Kr4JhzLDnZODgCheT0B4u9d9QQs=
-1,43,zkCyJMlZxFaZl26xjW9Q5N4cE6s=,fEbdwkfxamoitmC2lKntCJPg+90=
-5,43,zkCyJMlZxFaZl26xjW9Q5N4cE6s=,qW6lbuqq6yGuDQP8zz4DrKIamCo=
-8,43,zkCyJMlZxFaZl26xjW9Q5N4cE6s=,qW6lbuqq6yGuDQP8zz4DrKIamCo=
-4,43,zkCyJMlZxFaZl26xjW9Q5N4cE6s=,fEbdwkfxamoitmC2lKntCJPg+90=
-7,43,zkCyJMlZxFaZl26xjW9Q5N4cE6s=,qW6lbuqq6yGuDQP8zz4DrKIamCo=
-6,43,zkCyJMlZxFaZl26xjW9Q5N4cE6s=,qW6lbuqq6yGuDQP8zz4DrKIamCo=
-1,32,zkCyJMlZxFaZl26xjW9Q5N4cE6s=,JdnRIBih+yovglDeKPH/xiQLS7s=
-9,43,zkCyJMlZxFaZl26xjW9Q5N4cE6s=,n0WuA/pNekLCeiDxQts/+66+cv4=
