20,-4,baBkvN/dK+Q2g5Cn4rS6EO5hdeQ=,9KwVkilrKSC4gLHzU2KPcxc/Zqc=
19,-5,1HY7WH4w/+glL/WYcJUl0TanVBE=,NhY0Hg+/XAIMVnkrW/BLVd95+z8=
19,-4,1HY7WH4w/+glL/WYcJUl0TanVBE=,bD9Vd06cSkaV174pLx+g5V65AtE=
20,-6,1HY7WH4w/+glL/WYcJUl0TanVBE=,pRWfUY25SruJv0uSKb3zu//wrlk=
20,-7,1HY7WH4w/+glL/WYcJUl0TanVBE=,lRJEBjJq2Hz8tgHlIvkpYO/ZLOI=
19,-7,1HY7WH4w/+glL/WYcJUl0TanVBE=,lW8CRi6EYe3plZ9OWL000i6ZjAw=
20,-5,1HY7WH4w/+glL/WYcJUl0TanVBE=,pRWfUY25SruJv0uSKb3zu//wrlk=
19,-6,SFCD0sUPC+BXKSCyGasuKoSwyTA=,NhY0Hg+/XAIMVnkrW/BLVd95+z8=
18,-12,SFCD0sUPC+BXKSCyGasuKoSwyTA=,FvaA8N5zEPz1Gsl+dM4rAHfmnXo=
18,-13,NYgANJcYzZaUb/8vQltUJ4gzuuE=,FvaA8N5zEPz1Gsl+dM4rAHfmnXo=
17,-12,NYgANJcYzZaUb/8vQltUJ4gzuuE=,+Th9TwL4fPtbDdTQ/QCpzqWD3dw=
16,-12,NYgANJcYzZaUb/8vQltUJ4gzuuE=,+Th9TwL4fPtbDdTQ/QCpzqWD3dw=
17,-13,NYgANJcYzZaUb/8vQltUJ4gzuuE=,PkW0cz0a0CTeuiaw+Fbe7cGBs/s=
16,-13,Zb2gXu02fK3uMtoEeuh7epuMYGs=,PkW0cz0a0CTeuiaw+Fbe7cGBs/s=
16,-14,Zb2gXu02fK3uMtoEeuh7epuMYGs=,PkW0cz0a0CTeuiaw+Fbe7cGBs/s=
18,-16,Zb2gXu02fK3uMtoEeuh7epuMYGs=,7pcHJm7yM73y+zuGZ8KjeU3GMp0=
17,-16,Zb2gXu02fK3uMtoEeuh7epuMYGs=,7pcHJm7yM73y+zuGZ8KjeU3GMp0=
18,-15,Zb2gXu02fK3uMtoEeuh7epuMYGs=,7pcHJm7yM73y+zuGZ8KjeU3GMp0=
17,-15,Zb2gXu02fK3uMtoEeuh7epuMYGs=,7pcHJm7yM73y+zuGZ8KjeU3GMp0=
17,-14,Zb2gXu02fK3uMtoEeuh7epuMYGs=,PkW0cz0a0CTeuiaw+Fbe7cGBs/s=
18,-14,Zb2gXu02fK3uMtoEeuh7epuMYGs=,FvaA8N5zEPz1Gsl+dM4rAHfmnXo=
16,-15,Zb2gXu02fK3uMtoEeuh7epuMYGs=,7pcHJm7yM73y+zuGZ8KjeU3GMp0=
18,-10,Zb2gXu02fK3uMtoEeuh7epuMYGs=,yRNDVNByoVYZWhNvm39VT9IlklM=
17,-11,7TqXqO1zld7ZalYy2CZAyg+iiFo=,+Th9TwL4fPtbDdTQ/QCpzqWD3dw=
18,-11,7TqXqO1zld7ZalYy2CZAyg+iiFo=,FvaA8N5zEPz1Gsl+dM4rAHfmnXo=
18,-8,7TqXqO1zld7ZalYy2CZAyg+iiFo=,lW8CRi6EYe3plZ9OWL000i6ZjAw=
18,-9,7TqXqO1zld7ZalYy2CZAyg+iiFo=,yRNDVNByoVYZWhNvm39VT9IlklM=
17,-10,7TqXqO1zld7ZalYy2CZAyg+iiFo=,P3OKk5zouQSewlUjSgmFW/qDwgs=
17,-9,W0j+0mwSCTs3gpq5y7opuNQbTDU=,P3OKk5zouQSewlUjSgmFW/qDwgs=
18,-7,W0j+0mwSCTs3gpq5y7opuNQbTDU=,lW8CRi6EYe3plZ9OWL000i6ZjAw=
17,-8,W0j+0mwSCTs3gpq5y7opuNQbTDU=,zB69phRaprjwAGixSp9hO8K/H40=
17,-7,W0j+0mwSCTs3gpq5y7opuNQbTDU=,zB69phRaprjwAGixSp9hO8K/H40=
18,-4,p6sHwV0f2e6DqHrJ01KTGmu+kM4=,bD9Vd06cSkaV174pLx+g5V65AtE=
18,-5,p6sHwV0f2e6DqHrJ01KTGmu+kM4=,NhY0Hg+/XAIMVnkrW/BLVd95+z8=
18,-6,p6sHwV0f2e6DqHrJ01KTGmu+kM4=,NhY0Hg+/XAIMVnkrW/BLVd95+z8=
17,-5,p6sHwV0f2e6DqHrJ01KTGmu+kM4=,q7Xtp9mkujF4oSuzMfru8szZrsE=
17,-6,p6sHwV0f2e6DqHrJ01KTGmu+kM4=,q7Xtp9mkujF4oSuzMfru8szZrsE=
17,-4,p6sHwV0f2e6DqHrJ01KTGmu+kM4=,wkh9r8v8b7y+yX4UKlxeTwgS9Wc=
18,-3,p6sHwV0f2e6DqHrJ01KTGmu+kM4=,bD9Vd06cSkaV174pLx+g5V65AtE=
17,-3,p6sHwV0f2e6DqHrJ01KTGmu+kM4=,wkh9r8v8b7y+yX4UKlxeTwgS9Wc=
17,-2,p6sHwV0f2e6DqHrJ01KTGmu+kM4=,IyTGcgfoskHhvfAcIle7kOIb0dg=
18,-2,p6sHwV0f2e6DqHrJ01KTGmu+kM4=,JWi6kMDKZBRl0WeCvX4DWS86GFc=
19,-3,9HgIq412lMMOJbPW9L9KOgPBnsY=,bD9Vd06cSkaV174pLx+g5V65AtE=
20,-3,9HgIq412lMMOJbPW9L9KOgPBnsY=,9KwVkilrKSC4gLHzU2KPcxc/Zqc=
19,-2,9HgIq412lMMOJbPW9L9KOgPBnsY=,JWi6kMDKZBRl0WeCvX4DWS86GFc=
20,-2,9HgIq412lMMOJbPW9L9KOgPBnsY=,2z1Uxe39OR+lHe/srfDB3CgeUZY=
19,-1,jktAWWJjTXwMnG7O6ttNuXyDLtg=,JWi6kMDKZBRl0WeCvX4DWS86GFc=
18,-1,jktAWWJjTXwMnG7O6ttNuXyDLtg=,JWi6kMDKZBRl0WeCvX4DWS86GFc=
20,-1,jktAWWJjTXwMnG7O6ttNuXyDLtg=,2z1Uxe39OR+lHe/srfDB3CgeUZY=
17,-1,jktAWWJjTXwMnG7O6ttNuXyDLtg=,IyTGcgfoskHhvfAcIle7kOIb0dg=
16,-2,jktAWWJjTXwMnG7O6ttNuXyDLtg=,IyTGcgfoskHhvfAcIle7kOIb0dg=
16,-3,jktAWWJjTXwMnG7O6ttNuXyDLtg=,wkh9r8v8b7y+yX4UKlxeTwgS9Wc=
16,-5,Ko/cypafFrmQ/I7JKRzzrNmN5ZQ=,q7Xtp9mkujF4oSuzMfru8szZrsE=
16,-4,Ko/cypafFrmQ/I7JKRzzrNmN5ZQ=,wkh9r8v8b7y+yX4UKlxeTwgS9Wc=
16,-8,X97y8S1S0DfqbGr/OrstOCa8uwE=,zB69phRaprjwAGixSp9hO8K/H40=
16,-7,X97y8S1S0DfqbGr/OrstOCa8uwE=,zB69phRaprjwAGixSp9hO8K/H40=
16,-11,X97y8S1S0DfqbGr/OrstOCa8uwE=,+Th9TwL4fPtbDdTQ/QCpzqWD3dw=
16,-6,X97y8S1S0DfqbGr/OrstOCa8uwE=,q7Xtp9mkujF4oSuzMfru8szZrsE=
16,-9,X97y8S1S0DfqbGr/OrstOCa8uwE=,P3OKk5zouQSewlUjSgmFW/qDwgs=
16,-10,X97y8S1S0DfqbGr/OrstOCa8uwE=,P3OKk5zouQSewlUjSgmFW/qDwgs=
19,-11,X97y8S1S0DfqbGr/OrstOCa8uwE=,FvaA8N5zEPz1Gsl+dM4rAHfmnXo=
19,-8,X97y8S1S0DfqbGr/OrstOCa8uwE=,lW8CRi6EYe3plZ9OWL000i6ZjAw=
20,-8,X97y8S1S0DfqbGr/OrstOCa8uwE=,lRJEBjJq2Hz8tgHlIvkpYO/ZLOI=
20,-10,X97y8S1S0DfqbGr/OrstOCa8uwE=,9XB/6n0WrRGcvGKQVlaVLtTgfZ0=
19,-10,X97y8S1S0DfqbGr/OrstOCa8uwE=,yRNDVNByoVYZWhNvm39VT9IlklM=
20,-11,X97y8S1S0DfqbGr/OrstOCa8uwE=,yc3rQreRecLLRp8iDJORs56mnms=
19,-9,X97y8S1S0DfqbGr/OrstOCa8uwE=,yRNDVNByoVYZWhNvm39VT9IlklM=
20,-9,X97y8S1S0DfqbGr/OrstOCa8uwE=,9XB/6n0WrRGcvGKQVlaVLtTgfZ0=
20,-16,0aR4s4CcgFtXpdoAre0B3kHITzg=,ljzivRgVe36l01vx7ZevFbIqldU=
19,-16,0aR4s4CcgFtXpdoAre0B3kHITzg=,7pcHJm7yM73y+zuGZ8KjeU3GMp0=
20,-12,0aR4s4CcgFtXpdoAre0B3kHITzg=,yc3rQreRecLLRp8iDJORs56mnms=
16,-1,0aR4s4CcgFtXpdoAre0B3kHITzg=,IyTGcgfoskHhvfAcIle7kOIb0dg=
19,-12,0aR4s4CcgFtXpdoAre0B3kHITzg=,FvaA8N5zEPz1Gsl+dM4rAHfmnXo=
20,-13,0aR4s4CcgFtXpdoAre0B3kHITzg=,Ufl/UImCy1oRhVqunLtOfkb+SAc=
20,-14,0aR4s4CcgFtXpdoAre0B3kHITzg=,Ufl/UImCy1oRhVqunLtOfkb+SAc=
19,-13,0aR4s4CcgFtXpdoAre0B3kHITzg=,FvaA8N5zEPz1Gsl+dM4rAHfmnXo=
20,-15,0aR4s4CcgFtXpdoAre0B3kHITzg=,ljzivRgVe36l01vx7ZevFbIqldU=
19,-15,0aR4s4CcgFtXpdoAre0B3kHITzg=,7pcHJm7yM73y+zuGZ8KjeU3GMp0=
19,-14,0aR4s4CcgFtXpdoAre0B3kHITzg=,FvaA8N5zEPz1Gsl+dM4rAHfmnXo=
16,-16,0aR4s4CcgFtXpdoAre0B3kHITzg=,7pcHJm7yM73y+zuGZ8KjeU3GMp0=
18,-18,Nuks+fWchS02MnsziGMkl+3gITE=,snuI7GGV0S5a8rwW35mrQ3QN67A=
18,-19,Nuks+fWchS02MnsziGMkl+3gITE=,MxS4xjG7tR4dfmslxEsyGKHj5sk=
20,-20,V8iskEciDdzyZaf83ueoQlG+S90=,JC5iTJhGFWR3FCFDqyzngBTZ3Ow=
17,-18,V8iskEciDdzyZaf83ueoQlG+S90=,YesW4vw5rhXLbZNxEGSqIGPI6Qk=
19,-21,V8iskEciDdzyZaf83ueoQlG+S90=,Qhh8N9NldipmHedC2gCBWwsTjPk=
17,-19,V8iskEciDdzyZaf83ueoQlG+S90=,d7+bek+fT85fwrVDn1/sLu7iR9I=
19,-20,V8iskEciDdzyZaf83ueoQlG+S90=,MxS4xjG7tR4dfmslxEsyGKHj5sk=
20,-21,V8iskEciDdzyZaf83ueoQlG+S90=,qVVEp6MrwmYtRI5vrJJfGZT8FKE=
20,-23,V8iskEciDdzyZaf83ueoQlG+S90=,LFXu6+4ojdYQa+6Y0mpotVAyo/Q=
20,-22,V8iskEciDdzyZaf83ueoQlG+S90=,qVVEp6MrwmYtRI5vrJJfGZT8FKE=
19,-23,V8iskEciDdzyZaf83ueoQlG+S90=,uX2xQlzWm+bZTA7UkCl8feuoVBE=
18,-23,V8iskEciDdzyZaf83ueoQlG+S90=,uX2xQlzWm+bZTA7UkCl8feuoVBE=
18,-22,V8iskEciDdzyZaf83ueoQlG+S90=,Qhh8N9NldipmHedC2gCBWwsTjPk=
19,-22,V8iskEciDdzyZaf83ueoQlG+S90=,Qhh8N9NldipmHedC2gCBWwsTjPk=
17,-23,V8iskEciDdzyZaf83ueoQlG+S90=,xQS/MfDgGs95D2tYmUvxidLqck0=
18,-20,V8iskEciDdzyZaf83ueoQlG+S90=,MxS4xjG7tR4dfmslxEsyGKHj5sk=
17,-21,V8iskEciDdzyZaf83ueoQlG+S90=,K+51cjUoa5rwy5ZHbATyiEa3b9Q=
17,-22,V8iskEciDdzyZaf83ueoQlG+S90=,K+51cjUoa5rwy5ZHbATyiEa3b9Q=
18,-21,V8iskEciDdzyZaf83ueoQlG+S90=,Qhh8N9NldipmHedC2gCBWwsTjPk=
17,-20,V8iskEciDdzyZaf83ueoQlG+S90=,d7+bek+fT85fwrVDn1/sLu7iR9I=
16,-23,RoqailLwSQb5P8NWQ36IqzXZ4Nw=,xQS/MfDgGs95D2tYmUvxidLqck0=
16,-21,RoqailLwSQb5P8NWQ36IqzXZ4Nw=,K+51cjUoa5rwy5ZHbATyiEa3b9Q=
16,-20,RoqailLwSQb5P8NWQ36IqzXZ4Nw=,d7+bek+fT85fwrVDn1/sLu7iR9I=
16,-19,RoqailLwSQb5P8NWQ36IqzXZ4Nw=,d7+bek+fT85fwrVDn1/sLu7iR9I=
18,-17,RoqailLwSQb5P8NWQ36IqzXZ4Nw=,snuI7GGV0S5a8rwW35mrQ3QN67A=
16,-17,RoqailLwSQb5P8NWQ36IqzXZ4Nw=,YesW4vw5rhXLbZNxEGSqIGPI6Qk=
17,-17,RoqailLwSQb5P8NWQ36IqzXZ4Nw=,YesW4vw5rhXLbZNxEGSqIGPI6Qk=
16,-18,RoqailLwSQb5P8NWQ36IqzXZ4Nw=,YesW4vw5rhXLbZNxEGSqIGPI6Qk=
16,-22,RoqailLwSQb5P8NWQ36IqzXZ4Nw=,K+51cjUoa5rwy5ZHbATyiEa3b9Q=
19,-18,NaqXr4qItzP7OTyCpGxW+ogCd7M=,snuI7GGV0S5a8rwW35mrQ3QN67A=
20,-19,NaqXr4qItzP7OTyCpGxW+ogCd7M=,JC5iTJhGFWR3FCFDqyzngBTZ3Ow=
19,-17,NaqXr4qItzP7OTyCpGxW+ogCd7M=,snuI7GGV0S5a8rwW35mrQ3QN67A=
20,-17,NaqXr4qItzP7OTyCpGxW+ogCd7M=,nIjYP6wSWmKW7aNDbxjor4Td5LU=
20,-18,NaqXr4qItzP7OTyCpGxW+ogCd7M=,nIjYP6wSWmKW7aNDbxjor4Td5LU=
19,-19,NaqXr4qItzP7OTyCpGxW+ogCd7M=,MxS4xjG7tR4dfmslxEsyGKHj5sk=
10,-18,5nbSGHLVPoo7cCtRYkjQNeR53Kk=,UvN0qUKsv0m5Tp1a5MEuhoZlcDo=
9,-19,5nbSGHLVPoo7cCtRYkjQNeR53Kk=,VHGUbHztWvEvRpyZVnzt6H4o1rY=
10,-19,gZf4+e9+cwlZ9awMqSGF0NEcOy4=,CRxODjCdklrVIPKn7iOdFSNWO7U=
8,-19,gZf4+e9+cwlZ9awMqSGF0NEcOy4=,VHGUbHztWvEvRpyZVnzt6H4o1rY=
9,-18,gZf4+e9+cwlZ9awMqSGF0NEcOy4=,UvN0qUKsv0m5Tp1a5MEuhoZlcDo=
7,-19,gZf4+e9+cwlZ9awMqSGF0NEcOy4=,syuiWXATdDvA3Z83PMYqBR27mgg=
8,-18,gZf4+e9+cwlZ9awMqSGF0NEcOy4=,UvN0qUKsv0m5Tp1a5MEuhoZlcDo=
8,-20,gZf4+e9+cwlZ9awMqSGF0NEcOy4=,VHGUbHztWvEvRpyZVnzt6H4o1rY=
7,-18,gZf4+e9+cwlZ9awMqSGF0NEcOy4=,ZM2rXQWG34lWq2rYDXHv2WpiUrw=
7,-20,gZf4+e9+cwlZ9awMqSGF0NEcOy4=,syuiWXATdDvA3Z83PMYqBR27mgg=
7,-21,gZf4+e9+cwlZ9awMqSGF0NEcOy4=,UImXH+NWnOKRJvJwSZ71HEbm/fI=
8,-21,gZf4+e9+cwlZ9awMqSGF0NEcOy4=,Uxmu/ojXCTcRChCzPudmZ+zjZkc=
10,-21,gZf4+e9+cwlZ9awMqSGF0NEcOy4=,+1alTQ74T4xhBej/9/lzpXMHlMA=
9,-20,gZf4+e9+cwlZ9awMqSGF0NEcOy4=,VHGUbHztWvEvRpyZVnzt6H4o1rY=
9,-21,gZf4+e9+cwlZ9awMqSGF0NEcOy4=,Uxmu/ojXCTcRChCzPudmZ+zjZkc=
10,-20,gZf4+e9+cwlZ9awMqSGF0NEcOy4=,CRxODjCdklrVIPKn7iOdFSNWO7U=
7,-23,mTlfBYYmgUe+9bchTQAarbF4lr0=,mpa9iLq5zMOQrJPWR5+Zg7vuW3g=
7,-22,mTlfBYYmgUe+9bchTQAarbF4lr0=,UImXH+NWnOKRJvJwSZ71HEbm/fI=
8,-23,UmaYWdg9M1Q2CTjI5VsYbjxYYF4=,mpa9iLq5zMOQrJPWR5+Zg7vuW3g=
8,-22,UmaYWdg9M1Q2CTjI5VsYbjxYYF4=,Uxmu/ojXCTcRChCzPudmZ+zjZkc=
6,-23,QWKEjNFN1vosIiJ/+A0YgEmTaj4=,mpa9iLq5zMOQrJPWR5+Zg7vuW3g=
6,-22,VypVSWvWSgVXMV9M6TpIlqvo5W8=,UImXH+NWnOKRJvJwSZ71HEbm/fI=
3,-23,VypVSWvWSgVXMV9M6TpIlqvo5W8=,qEOn/RuT8+jbyc6NPpnAzdbPWfA=
5,-22,VypVSWvWSgVXMV9M6TpIlqvo5W8=,UImXH+NWnOKRJvJwSZ71HEbm/fI=
5,-23,VypVSWvWSgVXMV9M6TpIlqvo5W8=,exSnYrndXLrEc1JFvQ699/zV4mA=
4,-23,VypVSWvWSgVXMV9M6TpIlqvo5W8=,exSnYrndXLrEc1JFvQ699/zV4mA=
3,-22,VypVSWvWSgVXMV9M6TpIlqvo5W8=,Uxmu/ojXCTcRChCzPudmZ+zjZkc=
3,-21,VypVSWvWSgVXMV9M6TpIlqvo5W8=,Uxmu/ojXCTcRChCzPudmZ+zjZkc=
4,-21,VypVSWvWSgVXMV9M6TpIlqvo5W8=,UImXH+NWnOKRJvJwSZ71HEbm/fI=
4,-22,VypVSWvWSgVXMV9M6TpIlqvo5W8=,UImXH+NWnOKRJvJwSZ71HEbm/fI=
5,-21,IAYhk4fZsL2iwl+AHltFuutiiEA=,UImXH+NWnOKRJvJwSZ71HEbm/fI=
6,-21,IAYhk4fZsL2iwl+AHltFuutiiEA=,UImXH+NWnOKRJvJwSZ71HEbm/fI=
3,-20,IAYhk4fZsL2iwl+AHltFuutiiEA=,iXoCkKw5uD53fMawDgwS1+Tlhb8=
5,-20,IAYhk4fZsL2iwl+AHltFuutiiEA=,ctakwJpHmoJWlsfIu3/jo7zPh7c=
4,-20,IAYhk4fZsL2iwl+AHltFuutiiEA=,ctakwJpHmoJWlsfIu3/jo7zPh7c=
5,-19,IAYhk4fZsL2iwl+AHltFuutiiEA=,ctakwJpHmoJWlsfIu3/jo7zPh7c=
6,-20,IAYhk4fZsL2iwl+AHltFuutiiEA=,syuiWXATdDvA3Z83PMYqBR27mgg=
6,-18,CKRRoA5FmfCzBK8cKSFLf/S3hZg=,ZM2rXQWG34lWq2rYDXHv2WpiUrw=
6,-19,CKRRoA5FmfCzBK8cKSFLf/S3hZg=,syuiWXATdDvA3Z83PMYqBR27mgg=
5,-18,CKRRoA5FmfCzBK8cKSFLf/S3hZg=,CujpAxbeVSgaV2O8zgp+xbcUduM=
3,-18,CKRRoA5FmfCzBK8cKSFLf/S3hZg=,pbccKVJX6FLRjyqKdLa7t4WpycM=
4,-18,CKRRoA5FmfCzBK8cKSFLf/S3hZg=,CujpAxbeVSgaV2O8zgp+xbcUduM=
4,-19,CKRRoA5FmfCzBK8cKSFLf/S3hZg=,ctakwJpHmoJWlsfIu3/jo7zPh7c=
3,-19,CKRRoA5FmfCzBK8cKSFLf/S3hZg=,iXoCkKw5uD53fMawDgwS1+Tlhb8=
2,-19,CKRRoA5FmfCzBK8cKSFLf/S3hZg=,iXoCkKw5uD53fMawDgwS1+Tlhb8=
1,-19,CKRRoA5FmfCzBK8cKSFLf/S3hZg=,hGuj9A2zYu8qgYhHCpKqriTV0Tk=
2,-18,CKRRoA5FmfCzBK8cKSFLf/S3hZg=,pbccKVJX6FLRjyqKdLa7t4WpycM=
1,-21,CKRRoA5FmfCzBK8cKSFLf/S3hZg=,mF+Fqt8wH7j+ZyVjYP8/ACKjrmE=
1,-18,CKRRoA5FmfCzBK8cKSFLf/S3hZg=,pbccKVJX6FLRjyqKdLa7t4WpycM=
1,-20,CrkN5tIKnAwEyKZeb15YqTjH+rc=,hGuj9A2zYu8qgYhHCpKqriTV0Tk=
2,-21,CrkN5tIKnAwEyKZeb15YqTjH+rc=,Uxmu/ojXCTcRChCzPudmZ+zjZkc=
2,-20,CrkN5tIKnAwEyKZeb15YqTjH+rc=,iXoCkKw5uD53fMawDgwS1+Tlhb8=
2,-23,CrkN5tIKnAwEyKZeb15YqTjH+rc=,qEOn/RuT8+jbyc6NPpnAzdbPWfA=
1,-23,CrkN5tIKnAwEyKZeb15YqTjH+rc=,375CXu8LmTA2uKk1f7pX2B5p9Sc=
1,-22,CrkN5tIKnAwEyKZeb15YqTjH+rc=,mF+Fqt8wH7j+ZyVjYP8/ACKjrmE=
2,-22,CrkN5tIKnAwEyKZeb15YqTjH+rc=,Uxmu/ojXCTcRChCzPudmZ+zjZkc=
0,-19,CrkN5tIKnAwEyKZeb15YqTjH+rc=,hGuj9A2zYu8qgYhHCpKqriTV0Tk=
0,-20,CrkN5tIKnAwEyKZeb15YqTjH+rc=,hGuj9A2zYu8qgYhHCpKqriTV0Tk=
0,-21,CrkN5tIKnAwEyKZeb15YqTjH+rc=,mF+Fqt8wH7j+ZyVjYP8/ACKjrmE=
0,-18,CrkN5tIKnAwEyKZeb15YqTjH+rc=,pbccKVJX6FLRjyqKdLa7t4WpycM=
1,-17,7AqYTQR8G6QXbBd+xxL1tIW1aLs=,pbccKVJX6FLRjyqKdLa7t4WpycM=
2,-17,7AqYTQR8G6QXbBd+xxL1tIW1aLs=,pbccKVJX6FLRjyqKdLa7t4WpycM=
4,-17,ZSMaHvr5CzoKjOi3U0/eStysRn4=,CujpAxbeVSgaV2O8zgp+xbcUduM=
8,-17,ZSMaHvr5CzoKjOi3U0/eStysRn4=,UvN0qUKsv0m5Tp1a5MEuhoZlcDo=
3,-17,ZSMaHvr5CzoKjOi3U0/eStysRn4=,pbccKVJX6FLRjyqKdLa7t4WpycM=
7,-17,dKD38Av30CkZRl7J5gbXXExd4qo=,ZM2rXQWG34lWq2rYDXHv2WpiUrw=
6,-17,dKD38Av30CkZRl7J5gbXXExd4qo=,ZM2rXQWG34lWq2rYDXHv2WpiUrw=
5,-17,dKD38Av30CkZRl7J5gbXXExd4qo=,CujpAxbeVSgaV2O8zgp+xbcUduM=
10,-17,dKD38Av30CkZRl7J5gbXXExd4qo=,UvN0qUKsv0m5Tp1a5MEuhoZlcDo=
9,-17,dKD38Av30CkZRl7J5gbXXExd4qo=,UvN0qUKsv0m5Tp1a5MEuhoZlcDo=
11,-19,dKD38Av30CkZRl7J5gbXXExd4qo=,CRxODjCdklrVIPKn7iOdFSNWO7U=
12,-18,zbkNvwpoCkeouxCFVw5et/IIGU0=,fYQYEoMuCsotTXfQerGJ/VPV52E=
11,-18,zbkNvwpoCkeouxCFVw5et/IIGU0=,UvN0qUKsv0m5Tp1a5MEuhoZlcDo=
12,-19,zbkNvwpoCkeouxCFVw5et/IIGU0=,/BVqmymahNCTa1qmVqRqnKx5hrA=
11,-20,zbkNvwpoCkeouxCFVw5et/IIGU0=,CRxODjCdklrVIPKn7iOdFSNWO7U=
12,-20,zbkNvwpoCkeouxCFVw5et/IIGU0=,/BVqmymahNCTa1qmVqRqnKx5hrA=
11,-21,Qe1/XlNXSo57jBhAhdlrwJu5AEI=,+1alTQ74T4xhBej/9/lzpXMHlMA=
12,-21,Qe1/XlNXSo57jBhAhdlrwJu5AEI=,Rj8AWcEvSidE+QhWMd/lurXmgng=
13,-20,YfC7Z996dwuz5f8G+lx/MqEPRCU=,/BVqmymahNCTa1qmVqRqnKx5hrA=
13,-21,IVlgi9Mbs399ShZs9yHm4Yx3X4g=,Rj8AWcEvSidE+QhWMd/lurXmgng=
14,-20,IVlgi9Mbs399ShZs9yHm4Yx3X4g=,2lnTbJyUACxhhO8XMGhcmSMZe/g=
14,-21,IVlgi9Mbs399ShZs9yHm4Yx3X4g=,VMtgXbocNWDvhll8U5TdQQL9jZY=
13,-19,IVlgi9Mbs399ShZs9yHm4Yx3X4g=,/BVqmymahNCTa1qmVqRqnKx5hrA=
14,-19,IVlgi9Mbs399ShZs9yHm4Yx3X4g=,2lnTbJyUACxhhO8XMGhcmSMZe/g=
13,-18,IVlgi9Mbs399ShZs9yHm4Yx3X4g=,fYQYEoMuCsotTXfQerGJ/VPV52E=
14,-18,IVlgi9Mbs399ShZs9yHm4Yx3X4g=,5oWK3sYOZ+DQyCR+hGhBL+qaENk=
13,-23,IVlgi9Mbs399ShZs9yHm4Yx3X4g=,KYCg4HQoCz2R9teOXOhlrc9bt74=
14,-22,IVlgi9Mbs399ShZs9yHm4Yx3X4g=,VMtgXbocNWDvhll8U5TdQQL9jZY=
14,-23,IVlgi9Mbs399ShZs9yHm4Yx3X4g=,k3SYb0WcIszKVOsaofGtY9oAuqw=
13,-22,IVlgi9Mbs399ShZs9yHm4Yx3X4g=,Rj8AWcEvSidE+QhWMd/lurXmgng=
12,-23,76fsjCr7Fa9/ZRk0NGbXh+wEci0=,KYCg4HQoCz2R9teOXOhlrc9bt74=
11,-22,76fsjCr7Fa9/ZRk0NGbXh+wEci0=,+1alTQ74T4xhBej/9/lzpXMHlMA=
10,-22,76fsjCr7Fa9/ZRk0NGbXh+wEci0=,+1alTQ74T4xhBej/9/lzpXMHlMA=
12,-22,76fsjCr7Fa9/ZRk0NGbXh+wEci0=,Rj8AWcEvSidE+QhWMd/lurXmgng=
9,-22,76fsjCr7Fa9/ZRk0NGbXh+wEci0=,Uxmu/ojXCTcRChCzPudmZ+zjZkc=
9,-23,76fsjCr7Fa9/ZRk0NGbXh+wEci0=,mpa9iLq5zMOQrJPWR5+Zg7vuW3g=
11,-23,76fsjCr7Fa9/ZRk0NGbXh+wEci0=,5nd9DAECcYoPQuoBCoDTaHbYcTU=
10,-23,76fsjCr7Fa9/ZRk0NGbXh+wEci0=,5nd9DAECcYoPQuoBCoDTaHbYcTU=
12,-17,W9/7lmgn76613j6KTO4ptaOKCG0=,fYQYEoMuCsotTXfQerGJ/VPV52E=
11,-17,W9/7lmgn76613j6KTO4ptaOKCG0=,UvN0qUKsv0m5Tp1a5MEuhoZlcDo=
15,-18,W9/7lmgn76613j6KTO4ptaOKCG0=,5oWK3sYOZ+DQyCR+hGhBL+qaENk=
14,-17,W9/7lmgn76613j6KTO4ptaOKCG0=,5oWK3sYOZ+DQyCR+hGhBL+qaENk=
13,-17,W9/7lmgn76613j6KTO4ptaOKCG0=,fYQYEoMuCsotTXfQerGJ/VPV52E=
15,-19,W9/7lmgn76613j6KTO4ptaOKCG0=,2lnTbJyUACxhhO8XMGhcmSMZe/g=
15,-21,W9/7lmgn76613j6KTO4ptaOKCG0=,VMtgXbocNWDvhll8U5TdQQL9jZY=
15,-20,W9/7lmgn76613j6KTO4ptaOKCG0=,2lnTbJyUACxhhO8XMGhcmSMZe/g=
15,-23,W9/7lmgn76613j6KTO4ptaOKCG0=,k3SYb0WcIszKVOsaofGtY9oAuqw=
15,-22,W9/7lmgn76613j6KTO4ptaOKCG0=,VMtgXbocNWDvhll8U5TdQQL9jZY=
0,-17,W9/7lmgn76613j6KTO4ptaOKCG0=,pbccKVJX6FLRjyqKdLa7t4WpycM=
0,-22,W9/7lmgn76613j6KTO4ptaOKCG0=,mF+Fqt8wH7j+ZyVjYP8/ACKjrmE=
0,-23,W9/7lmgn76613j6KTO4ptaOKCG0=,375CXu8LmTA2uKk1f7pX2B5p9Sc=
15,-17,W9/7lmgn76613j6KTO4ptaOKCG0=,5oWK3sYOZ+DQyCR+hGhBL+qaENk=
5,-6,KcBusSw6g8iGumqGBM5BvIf2CB8=,HHnhOtUIrn0AV/JWf/IH0oKkXz4=
6,-6,KcBusSw6g8iGumqGBM5BvIf2CB8=,wkh9r8v8b7y+yX4UKlxeTwgS9Wc=
5,-5,iCHhR9O3PyD9UD88ACAhRK40v2c=,HHnhOtUIrn0AV/JWf/IH0oKkXz4=
6,-5,iCHhR9O3PyD9UD88ACAhRK40v2c=,wkh9r8v8b7y+yX4UKlxeTwgS9Wc=
5,-7,iCHhR9O3PyD9UD88ACAhRK40v2c=,zSOtFEVDaiSblMwmxaaWUIzisvA=
6,-3,iCHhR9O3PyD9UD88ACAhRK40v2c=,WNvq8M+EIP2p9vhIvXdv4OwZfdg=
5,-2,iCHhR9O3PyD9UD88ACAhRK40v2c=,qVpYCWy3rbYEQYW13Z311bTgGLc=
6,-4,iCHhR9O3PyD9UD88ACAhRK40v2c=,WNvq8M+EIP2p9vhIvXdv4OwZfdg=
5,-4,iCHhR9O3PyD9UD88ACAhRK40v2c=,HHnhOtUIrn0AV/JWf/IH0oKkXz4=
5,-3,iCHhR9O3PyD9UD88ACAhRK40v2c=,HHnhOtUIrn0AV/JWf/IH0oKkXz4=
7,-5,iCHhR9O3PyD9UD88ACAhRK40v2c=,wkh9r8v8b7y+yX4UKlxeTwgS9Wc=
6,-7,iCHhR9O3PyD9UD88ACAhRK40v2c=,P8QSJKQ8pyXhtascnNLSuFVqE50=
6,-2,iCHhR9O3PyD9UD88ACAhRK40v2c=,vPm37on+3cq1KD1xVklw7lH30Tg=
8,-5,iCHhR9O3PyD9UD88ACAhRK40v2c=,lewNxlvOmKA0dwSMbL+EJTKjXDs=
7,-4,iCHhR9O3PyD9UD88ACAhRK40v2c=,WNvq8M+EIP2p9vhIvXdv4OwZfdg=
8,-4,iCHhR9O3PyD9UD88ACAhRK40v2c=,WNvq8M+EIP2p9vhIvXdv4OwZfdg=
7,-3,iCHhR9O3PyD9UD88ACAhRK40v2c=,WNvq8M+EIP2p9vhIvXdv4OwZfdg=
7,-2,iCHhR9O3PyD9UD88ACAhRK40v2c=,vPm37on+3cq1KD1xVklw7lH30Tg=
8,-2,iCHhR9O3PyD9UD88ACAhRK40v2c=,E45u/9kmsLnIbGTcbYIlrwqq9wY=
8,-3,iCHhR9O3PyD9UD88ACAhRK40v2c=,WNvq8M+EIP2p9vhIvXdv4OwZfdg=
9,-5,lNmz2chIor4afLBFPhKEAmCEQm4=,lewNxlvOmKA0dwSMbL+EJTKjXDs=
10,-2,GAPUwhdCwjersGHazkVayGYuSaI=,HD1yl9yLo9aX19Sc45vqWu4E2cY=
9,-4,YjTk8mR0C3JtclH0UsJK7/bQwYM=,WNvq8M+EIP2p9vhIvXdv4OwZfdg=
9,-3,YjTk8mR0C3JtclH0UsJK7/bQwYM=,WNvq8M+EIP2p9vhIvXdv4OwZfdg=
9,-2,YjTk8mR0C3JtclH0UsJK7/bQwYM=,E45u/9kmsLnIbGTcbYIlrwqq9wY=
10,-3,YjTk8mR0C3JtclH0UsJK7/bQwYM=,BkPvpw8VEjmEAp2+YQIJitqhnic=
10,-6,YjTk8mR0C3JtclH0UsJK7/bQwYM=,lewNxlvOmKA0dwSMbL+EJTKjXDs=
9,-6,YjTk8mR0C3JtclH0UsJK7/bQwYM=,lewNxlvOmKA0dwSMbL+EJTKjXDs=
7,-7,YjTk8mR0C3JtclH0UsJK7/bQwYM=,P8QSJKQ8pyXhtascnNLSuFVqE50=
10,-7,YjTk8mR0C3JtclH0UsJK7/bQwYM=,n27NpORUuqQT6oU8CkcX6qIeAOw=
8,-7,YjTk8mR0C3JtclH0UsJK7/bQwYM=,n27NpORUuqQT6oU8CkcX6qIeAOw=
7,-6,YjTk8mR0C3JtclH0UsJK7/bQwYM=,wkh9r8v8b7y+yX4UKlxeTwgS9Wc=
8,-6,YjTk8mR0C3JtclH0UsJK7/bQwYM=,lewNxlvOmKA0dwSMbL+EJTKjXDs=
9,-7,YjTk8mR0C3JtclH0UsJK7/bQwYM=,n27NpORUuqQT6oU8CkcX6qIeAOw=
10,-9,YjTk8mR0C3JtclH0UsJK7/bQwYM=,oQyhDPETkgNnJj0uB5I9jkvAzO8=
9,-8,YjTk8mR0C3JtclH0UsJK7/bQwYM=,n27NpORUuqQT6oU8CkcX6qIeAOw=
10,-8,YjTk8mR0C3JtclH0UsJK7/bQwYM=,n27NpORUuqQT6oU8CkcX6qIeAOw=
8,-9,YjTk8mR0C3JtclH0UsJK7/bQwYM=,LqHqM/rXcBUWTPW1S2JadL+2B2Q=
9,-9,YjTk8mR0C3JtclH0UsJK7/bQwYM=,LqHqM/rXcBUWTPW1S2JadL+2B2Q=
7,-8,YjTk8mR0C3JtclH0UsJK7/bQwYM=,P8QSJKQ8pyXhtascnNLSuFVqE50=
8,-8,YjTk8mR0C3JtclH0UsJK7/bQwYM=,n27NpORUuqQT6oU8CkcX6qIeAOw=
7,-9,YjTk8mR0C3JtclH0UsJK7/bQwYM=,P8QSJKQ8pyXhtascnNLSuFVqE50=
10,-4,YjTk8mR0C3JtclH0UsJK7/bQwYM=,BkPvpw8VEjmEAp2+YQIJitqhnic=
10,-5,YjTk8mR0C3JtclH0UsJK7/bQwYM=,lewNxlvOmKA0dwSMbL+EJTKjXDs=
5,-8,b8y7T2X6alMcoiK/82w4MjCQYDE=,zSOtFEVDaiSblMwmxaaWUIzisvA=
6,-9,vLU1uOdBwVk/Ivru7QTdYXWhUfw=,P8QSJKQ8pyXhtascnNLSuFVqE50=
6,-8,vLU1uOdBwVk/Ivru7QTdYXWhUfw=,P8QSJKQ8pyXhtascnNLSuFVqE50=
3,-11,vLU1uOdBwVk/Ivru7QTdYXWhUfw=,xv8+/uqYytv5JQJcuAJOmAwt3y8=
3,-10,vLU1uOdBwVk/Ivru7QTdYXWhUfw=,/BbShMfki1e1budsl6yadY1N3/s=
4,-10,vLU1uOdBwVk/Ivru7QTdYXWhUfw=,FV4ZaOeQvkI3Llac3UTHo+P2ZbA=
5,-9,vLU1uOdBwVk/Ivru7QTdYXWhUfw=,FV4ZaOeQvkI3Llac3UTHo+P2ZbA=
4,-11,vLU1uOdBwVk/Ivru7QTdYXWhUfw=,DJ/ntTn8OeoNqX6NgJFuRCL/v/8=
4,-8,vLU1uOdBwVk/Ivru7QTdYXWhUfw=,zSOtFEVDaiSblMwmxaaWUIzisvA=
1,-11,vLU1uOdBwVk/Ivru7QTdYXWhUfw=,Og+BuZos2i++s0Y/z9LfROccSFY=
2,-11,vLU1uOdBwVk/Ivru7QTdYXWhUfw=,xv8+/uqYytv5JQJcuAJOmAwt3y8=
3,-8,vLU1uOdBwVk/Ivru7QTdYXWhUfw=,DOli1SZlZWEIUU75zzCt5BCo3q0=
2,-10,vLU1uOdBwVk/Ivru7QTdYXWhUfw=,/BbShMfki1e1budsl6yadY1N3/s=
1,-10,vLU1uOdBwVk/Ivru7QTdYXWhUfw=,OJFj+SYTKUm2Ab8eeEtou8w1CZA=
3,-9,vLU1uOdBwVk/Ivru7QTdYXWhUfw=,/BbShMfki1e1budsl6yadY1N3/s=
4,-9,vLU1uOdBwVk/Ivru7QTdYXWhUfw=,FV4ZaOeQvkI3Llac3UTHo+P2ZbA=
1,-8,vLU1uOdBwVk/Ivru7QTdYXWhUfw=,/BbShMfki1e1budsl6yadY1N3/s=
1,-9,vLU1uOdBwVk/Ivru7QTdYXWhUfw=,OJFj+SYTKUm2Ab8eeEtou8w1CZA=
2,-9,vLU1uOdBwVk/Ivru7QTdYXWhUfw=,/BbShMfki1e1budsl6yadY1N3/s=
2,-8,vLU1uOdBwVk/Ivru7QTdYXWhUfw=,DOli1SZlZWEIUU75zzCt5BCo3q0=
1,-5,kim/arKJnGIvsVgihEKyRR+bfVk=,4Yw+eSBog1KoO5szutgqNah11gY=
4,-7,kim/arKJnGIvsVgihEKyRR+bfVk=,zSOtFEVDaiSblMwmxaaWUIzisvA=
4,-6,Iae4HrMRXRGsfPCmmedJe8r+qRk=,HHnhOtUIrn0AV/JWf/IH0oKkXz4=
1,-6,Iae4HrMRXRGsfPCmmedJe8r+qRk=,4Yw+eSBog1KoO5szutgqNah11gY=
1,-7,Iae4HrMRXRGsfPCmmedJe8r+qRk=,/BbShMfki1e1budsl6yadY1N3/s=
4,-5,Iae4HrMRXRGsfPCmmedJe8r+qRk=,HHnhOtUIrn0AV/JWf/IH0oKkXz4=
3,-7,Iae4HrMRXRGsfPCmmedJe8r+qRk=,DOli1SZlZWEIUU75zzCt5BCo3q0=
4,-4,Iae4HrMRXRGsfPCmmedJe8r+qRk=,HHnhOtUIrn0AV/JWf/IH0oKkXz4=
3,-4,Iae4HrMRXRGsfPCmmedJe8r+qRk=,nZewQLQZJ+/f68a6nZCFIq+er6o=
2,-6,Iae4HrMRXRGsfPCmmedJe8r+qRk=,+5oq9DSXV/919jnsL201nCVg9Q4=
2,-5,Iae4HrMRXRGsfPCmmedJe8r+qRk=,+5oq9DSXV/919jnsL201nCVg9Q4=
2,-7,Iae4HrMRXRGsfPCmmedJe8r+qRk=,DOli1SZlZWEIUU75zzCt5BCo3q0=
4,-3,Iae4HrMRXRGsfPCmmedJe8r+qRk=,HHnhOtUIrn0AV/JWf/IH0oKkXz4=
4,-2,Iae4HrMRXRGsfPCmmedJe8r+qRk=,qVpYCWy3rbYEQYW13Z311bTgGLc=
3,-3,Iae4HrMRXRGsfPCmmedJe8r+qRk=,nZewQLQZJ+/f68a6nZCFIq+er6o=
2,-4,Iae4HrMRXRGsfPCmmedJe8r+qRk=,nZewQLQZJ+/f68a6nZCFIq+er6o=
2,-3,Iae4HrMRXRGsfPCmmedJe8r+qRk=,nZewQLQZJ+/f68a6nZCFIq+er6o=
4,-1,Iae4HrMRXRGsfPCmmedJe8r+qRk=,qVpYCWy3rbYEQYW13Z311bTgGLc=
1,-3,Iae4HrMRXRGsfPCmmedJe8r+qRk=,tFqDk4AkINsMo58YlSH/QlXT8dU=
1,-4,Iae4HrMRXRGsfPCmmedJe8r+qRk=,tFqDk4AkINsMo58YlSH/QlXT8dU=
3,-5,Iae4HrMRXRGsfPCmmedJe8r+qRk=,+5oq9DSXV/919jnsL201nCVg9Q4=
3,-6,Iae4HrMRXRGsfPCmmedJe8r+qRk=,+5oq9DSXV/919jnsL201nCVg9Q4=
1,-2,Iae4HrMRXRGsfPCmmedJe8r+qRk=,tFqDk4AkINsMo58YlSH/QlXT8dU=
2,-2,Iae4HrMRXRGsfPCmmedJe8r+qRk=,tFqDk4AkINsMo58YlSH/QlXT8dU=
3,-2,Iae4HrMRXRGsfPCmmedJe8r+qRk=,tFqDk4AkINsMo58YlSH/QlXT8dU=
3,-1,Iae4HrMRXRGsfPCmmedJe8r+qRk=,tFqDk4AkINsMo58YlSH/QlXT8dU=
6,-1,Is0OUUAW+z9QwLISx6C4lu4VAbc=,vPm37on+3cq1KD1xVklw7lH30Tg=
5,-1,W8LCcyXzG7k6l21Dt+NcsyqPB6w=,qVpYCWy3rbYEQYW13Z311bTgGLc=
7,-1,fwxXaVey7EbaPfbCmP8gtjAjja0=,vPm37on+3cq1KD1xVklw7lH30Tg=
9,-1,fwxXaVey7EbaPfbCmP8gtjAjja0=,E45u/9kmsLnIbGTcbYIlrwqq9wY=
10,-1,fwxXaVey7EbaPfbCmP8gtjAjja0=,HD1yl9yLo9aX19Sc45vqWu4E2cY=
12,-2,fwxXaVey7EbaPfbCmP8gtjAjja0=,UewrUTvX34XAdqWK18tzQ8/TsBk=
8,-1,fwxXaVey7EbaPfbCmP8gtjAjja0=,E45u/9kmsLnIbGTcbYIlrwqq9wY=
11,-5,uhCJCHFxN8lohEXEmj+UqUVuZ08=,lewNxlvOmKA0dwSMbL+EJTKjXDs=
11,-2,uhCJCHFxN8lohEXEmj+UqUVuZ08=,HD1yl9yLo9aX19Sc45vqWu4E2cY=
11,-3,uhCJCHFxN8lohEXEmj+UqUVuZ08=,BkPvpw8VEjmEAp2+YQIJitqhnic=
12,-3,uhCJCHFxN8lohEXEmj+UqUVuZ08=,BkPvpw8VEjmEAp2+YQIJitqhnic=
12,-5,+7Rv3rj8Poamsw6kvjfSrSfMC1A=,lewNxlvOmKA0dwSMbL+EJTKjXDs=
11,-4,Y+qB7eR1wWnWZYsb0cpzyZWtlpA=,BkPvpw8VEjmEAp2+YQIJitqhnic=
12,-4,Y+qB7eR1wWnWZYsb0cpzyZWtlpA=,BkPvpw8VEjmEAp2+YQIJitqhnic=
11,-7,Y+qB7eR1wWnWZYsb0cpzyZWtlpA=,n27NpORUuqQT6oU8CkcX6qIeAOw=
11,-8,2c3U9SVEs5cKOGalYukJN6QzPxQ=,n27NpORUuqQT6oU8CkcX6qIeAOw=
11,-9,2c3U9SVEs5cKOGalYukJN6QzPxQ=,oQyhDPETkgNnJj0uB5I9jkvAzO8=
12,-9,2c3U9SVEs5cKOGalYukJN6QzPxQ=,P3OKk5zouQSewlUjSgmFW/qDwgs=
12,-7,2c3U9SVEs5cKOGalYukJN6QzPxQ=,zB69phRaprjwAGixSp9hO8K/H40=
12,-8,2c3U9SVEs5cKOGalYukJN6QzPxQ=,zB69phRaprjwAGixSp9hO8K/H40=
11,-6,2c3U9SVEs5cKOGalYukJN6QzPxQ=,lewNxlvOmKA0dwSMbL+EJTKjXDs=
12,-6,2c3U9SVEs5cKOGalYukJN6QzPxQ=,lewNxlvOmKA0dwSMbL+EJTKjXDs=
13,-9,2c3U9SVEs5cKOGalYukJN6QzPxQ=,P3OKk5zouQSewlUjSgmFW/qDwgs=
13,-8,2c3U9SVEs5cKOGalYukJN6QzPxQ=,zB69phRaprjwAGixSp9hO8K/H40=
14,-9,2c3U9SVEs5cKOGalYukJN6QzPxQ=,P3OKk5zouQSewlUjSgmFW/qDwgs=
14,-8,2c3U9SVEs5cKOGalYukJN6QzPxQ=,zB69phRaprjwAGixSp9hO8K/H40=
13,-7,xWUdMzFFTIPc3Z1Ql0Zw5Pg52eg=,zB69phRaprjwAGixSp9hO8K/H40=
13,-6,xWUdMzFFTIPc3Z1Ql0Zw5Pg52eg=,lewNxlvOmKA0dwSMbL+EJTKjXDs=
14,-7,xWUdMzFFTIPc3Z1Ql0Zw5Pg52eg=,zB69phRaprjwAGixSp9hO8K/H40=
14,-6,xWUdMzFFTIPc3Z1Ql0Zw5Pg52eg=,zB69phRaprjwAGixSp9hO8K/H40=
14,-4,xWUdMzFFTIPc3Z1Ql0Zw5Pg52eg=,c/EAVlHFRj9OJHiB85E/TxOMY08=
13,-4,VEVwNy6Jj42qUBhnInV9GShTDEs=,BkPvpw8VEjmEAp2+YQIJitqhnic=
13,-5,VEVwNy6Jj42qUBhnInV9GShTDEs=,lewNxlvOmKA0dwSMbL+EJTKjXDs=
14,-5,VEVwNy6Jj42qUBhnInV9GShTDEs=,zB69phRaprjwAGixSp9hO8K/H40=
15,-4,j6VmAuN41f3X1egOUHf99yCMWX0=,c/EAVlHFRj9OJHiB85E/TxOMY08=
15,-5,j6VmAuN41f3X1egOUHf99yCMWX0=,zB69phRaprjwAGixSp9hO8K/H40=
13,-2,j6VmAuN41f3X1egOUHf99yCMWX0=,UewrUTvX34XAdqWK18tzQ8/TsBk=
14,-3,j6VmAuN41f3X1egOUHf99yCMWX0=,c/EAVlHFRj9OJHiB85E/TxOMY08=
15,-3,j6VmAuN41f3X1egOUHf99yCMWX0=,c/EAVlHFRj9OJHiB85E/TxOMY08=
13,-3,j6VmAuN41f3X1egOUHf99yCMWX0=,BkPvpw8VEjmEAp2+YQIJitqhnic=
12,-1,j6VmAuN41f3X1egOUHf99yCMWX0=,UewrUTvX34XAdqWK18tzQ8/TsBk=
14,-2,j6VmAuN41f3X1egOUHf99yCMWX0=,KDk0JZg8he3ahuu6HldNf72m69U=
15,-2,j6VmAuN41f3X1egOUHf99yCMWX0=,KDk0JZg8he3ahuu6HldNf72m69U=
13,-1,zx+qajF9EWwxuZ6Ydg1ffxNKJN8=,UewrUTvX34XAdqWK18tzQ8/TsBk=
14,-1,zx+qajF9EWwxuZ6Ydg1ffxNKJN8=,KDk0JZg8he3ahuu6HldNf72m69U=
1,-12,zx+qajF9EWwxuZ6Ydg1ffxNKJN8=,Og+BuZos2i++s0Y/z9LfROccSFY=
11,-1,zx+qajF9EWwxuZ6Ydg1ffxNKJN8=,HD1yl9yLo9aX19Sc45vqWu4E2cY=
2,-12,fPwSzr+UKA0o5SzCnwaQh8gzg0c=,xv8+/uqYytv5JQJcuAJOmAwt3y8=
2,-13,LLnULyqBrMyOeP+tdh/rGDUA1bI=,ir8GhQlQENqX8a/Dn6yEurau0J8=
1,-14,LLnULyqBrMyOeP+tdh/rGDUA1bI=,afJcoSBUcsJ5b1xrQkezcyUJNs4=
2,-15,LLnULyqBrMyOeP+tdh/rGDUA1bI=,pbccKVJX6FLRjyqKdLa7t4WpycM=
1,-13,LLnULyqBrMyOeP+tdh/rGDUA1bI=,afJcoSBUcsJ5b1xrQkezcyUJNs4=
2,-14,LLnULyqBrMyOeP+tdh/rGDUA1bI=,ir8GhQlQENqX8a/Dn6yEurau0J8=
4,-13,LLnULyqBrMyOeP+tdh/rGDUA1bI=,FbW9NqXsAnS+Gvs4icdDZ/BTyM4=
1,-15,LLnULyqBrMyOeP+tdh/rGDUA1bI=,3QUobFEgVRlBna1eUYDPSRT570Y=
4,-14,A1jG6pUDWOztXaNwH9VJ+81Ejas=,FbW9NqXsAnS+Gvs4icdDZ/BTyM4=
3,-13,A1jG6pUDWOztXaNwH9VJ+81Ejas=,ir8GhQlQENqX8a/Dn6yEurau0J8=
4,-15,A1jG6pUDWOztXaNwH9VJ+81Ejas=,kczIcZVvWyAvG7Ii3uWOqXNK6yM=
3,-15,A1jG6pUDWOztXaNwH9VJ+81Ejas=,pbccKVJX6FLRjyqKdLa7t4WpycM=
3,-12,A1jG6pUDWOztXaNwH9VJ+81Ejas=,xv8+/uqYytv5JQJcuAJOmAwt3y8=
4,-12,A1jG6pUDWOztXaNwH9VJ+81Ejas=,DJ/ntTn8OeoNqX6NgJFuRCL/v/8=
3,-14,A1jG6pUDWOztXaNwH9VJ+81Ejas=,ir8GhQlQENqX8a/Dn6yEurau0J8=
9,-14,A1jG6pUDWOztXaNwH9VJ+81Ejas=,gkYfOHqFnNqvs8iyHOeGOkNixJ0=
9,-15,Mz+hliLUVleCoAKFZeA71Dt5MUg=,VDpLIWWmx/L0YVEloGulT+EjGSA=
10,-14,Mz+hliLUVleCoAKFZeA71Dt5MUg=,gkYfOHqFnNqvs8iyHOeGOkNixJ0=
10,-15,Mz+hliLUVleCoAKFZeA71Dt5MUg=,37A0CbMP93TYalqD5OvUa8GsmI8=
10,-10,Mz+hliLUVleCoAKFZeA71Dt5MUg=,oQyhDPETkgNnJj0uB5I9jkvAzO8=
10,-12,Mz+hliLUVleCoAKFZeA71Dt5MUg=,8bGpF1EDzZJG6mhzeBRXw4lhCxo=
9,-11,Mz+hliLUVleCoAKFZeA71Dt5MUg=,YHJdpULBjT4VMDoG3G5rJZ9faUc=
9,-13,Mz+hliLUVleCoAKFZeA71Dt5MUg=,gkYfOHqFnNqvs8iyHOeGOkNixJ0=
9,-12,Mz+hliLUVleCoAKFZeA71Dt5MUg=,YHJdpULBjT4VMDoG3G5rJZ9faUc=
10,-13,Mz+hliLUVleCoAKFZeA71Dt5MUg=,gkYfOHqFnNqvs8iyHOeGOkNixJ0=
10,-11,Mz+hliLUVleCoAKFZeA71Dt5MUg=,8bGpF1EDzZJG6mhzeBRXw4lhCxo=
9,-10,Mz+hliLUVleCoAKFZeA71Dt5MUg=,LqHqM/rXcBUWTPW1S2JadL+2B2Q=
5,-13,Mz+hliLUVleCoAKFZeA71Dt5MUg=,FbW9NqXsAnS+Gvs4icdDZ/BTyM4=
8,-13,Mz+hliLUVleCoAKFZeA71Dt5MUg=,gkYfOHqFnNqvs8iyHOeGOkNixJ0=
7,-13,Mz+hliLUVleCoAKFZeA71Dt5MUg=,Um1fku+OYopNnjWYsQq3PTvTqSc=
6,-13,Mz+hliLUVleCoAKFZeA71Dt5MUg=,Um1fku+OYopNnjWYsQq3PTvTqSc=
7,-11,Mz+hliLUVleCoAKFZeA71Dt5MUg=,YHJdpULBjT4VMDoG3G5rJZ9faUc=
7,-10,Mz+hliLUVleCoAKFZeA71Dt5MUg=,P8QSJKQ8pyXhtascnNLSuFVqE50=
6,-10,Mz+hliLUVleCoAKFZeA71Dt5MUg=,P8QSJKQ8pyXhtascnNLSuFVqE50=
6,-11,Mz+hliLUVleCoAKFZeA71Dt5MUg=,YHJdpULBjT4VMDoG3G5rJZ9faUc=
7,-12,Mz+hliLUVleCoAKFZeA71Dt5MUg=,YHJdpULBjT4VMDoG3G5rJZ9faUc=
8,-11,Mz+hliLUVleCoAKFZeA71Dt5MUg=,YHJdpULBjT4VMDoG3G5rJZ9faUc=
5,-10,Mz+hliLUVleCoAKFZeA71Dt5MUg=,FV4ZaOeQvkI3Llac3UTHo+P2ZbA=
8,-10,Mz+hliLUVleCoAKFZeA71Dt5MUg=,LqHqM/rXcBUWTPW1S2JadL+2B2Q=
5,-12,Mz+hliLUVleCoAKFZeA71Dt5MUg=,DJ/ntTn8OeoNqX6NgJFuRCL/v/8=
8,-12,Mz+hliLUVleCoAKFZeA71Dt5MUg=,YHJdpULBjT4VMDoG3G5rJZ9faUc=
6,-12,Mz+hliLUVleCoAKFZeA71Dt5MUg=,YHJdpULBjT4VMDoG3G5rJZ9faUc=
5,-11,Mz+hliLUVleCoAKFZeA71Dt5MUg=,DJ/ntTn8OeoNqX6NgJFuRCL/v/8=
0,-2,5RucoeUVb7OcvQpoXqz/kyGwStU=,tFqDk4AkINsMo58YlSH/QlXT8dU=
0,-3,5RucoeUVb7OcvQpoXqz/kyGwStU=,tFqDk4AkINsMo58YlSH/QlXT8dU=
1,-1,5RucoeUVb7OcvQpoXqz/kyGwStU=,tFqDk4AkINsMo58YlSH/QlXT8dU=
2,-1,WakKKFqL2tnMQYnxHwyhMESP5MU=,tFqDk4AkINsMo58YlSH/QlXT8dU=
0,-1,WakKKFqL2tnMQYnxHwyhMESP5MU=,tFqDk4AkINsMo58YlSH/QlXT8dU=
5,-15,WakKKFqL2tnMQYnxHwyhMESP5MU=,kczIcZVvWyAvG7Ii3uWOqXNK6yM=
7,-14,WakKKFqL2tnMQYnxHwyhMESP5MU=,Um1fku+OYopNnjWYsQq3PTvTqSc=
8,-14,WakKKFqL2tnMQYnxHwyhMESP5MU=,gkYfOHqFnNqvs8iyHOeGOkNixJ0=
8,-15,WakKKFqL2tnMQYnxHwyhMESP5MU=,VDpLIWWmx/L0YVEloGulT+EjGSA=
7,-15,WakKKFqL2tnMQYnxHwyhMESP5MU=,w/OoiiFdPOEx6v9jwQbGIDaltyE=
5,-14,WakKKFqL2tnMQYnxHwyhMESP5MU=,FbW9NqXsAnS+Gvs4icdDZ/BTyM4=
6,-14,WakKKFqL2tnMQYnxHwyhMESP5MU=,Um1fku+OYopNnjWYsQq3PTvTqSc=
6,-15,WakKKFqL2tnMQYnxHwyhMESP5MU=,w/OoiiFdPOEx6v9jwQbGIDaltyE=
8,-16,B96Zvb+3E+kwmBl8LpCJX4eOk8A=,VDpLIWWmx/L0YVEloGulT+EjGSA=
7,-16,B96Zvb+3E+kwmBl8LpCJX4eOk8A=,w/OoiiFdPOEx6v9jwQbGIDaltyE=
9,-16,B96Zvb+3E+kwmBl8LpCJX4eOk8A=,VDpLIWWmx/L0YVEloGulT+EjGSA=
10,-16,UG6TlalITX7TRK5ViDaAuM1Zn90=,37A0CbMP93TYalqD5OvUa8GsmI8=
11,-15,Rh/CbbD0eDtZzCs9yEW4cj3OEKU=,37A0CbMP93TYalqD5OvUa8GsmI8=
11,-14,Rh/CbbD0eDtZzCs9yEW4cj3OEKU=,gkYfOHqFnNqvs8iyHOeGOkNixJ0=
11,-11,Rh/CbbD0eDtZzCs9yEW4cj3OEKU=,8bGpF1EDzZJG6mhzeBRXw4lhCxo=
11,-13,Rh/CbbD0eDtZzCs9yEW4cj3OEKU=,gkYfOHqFnNqvs8iyHOeGOkNixJ0=
12,-13,Rh/CbbD0eDtZzCs9yEW4cj3OEKU=,gkYfOHqFnNqvs8iyHOeGOkNixJ0=
11,-12,Rh/CbbD0eDtZzCs9yEW4cj3OEKU=,8bGpF1EDzZJG6mhzeBRXw4lhCxo=
12,-10,Rh/CbbD0eDtZzCs9yEW4cj3OEKU=,P3OKk5zouQSewlUjSgmFW/qDwgs=
12,-12,Rh/CbbD0eDtZzCs9yEW4cj3OEKU=,8bGpF1EDzZJG6mhzeBRXw4lhCxo=
12,-11,Rh/CbbD0eDtZzCs9yEW4cj3OEKU=,8bGpF1EDzZJG6mhzeBRXw4lhCxo=
11,-10,Rh/CbbD0eDtZzCs9yEW4cj3OEKU=,oQyhDPETkgNnJj0uB5I9jkvAzO8=
12,-14,Rh/CbbD0eDtZzCs9yEW4cj3OEKU=,gkYfOHqFnNqvs8iyHOeGOkNixJ0=
12,-15,Rh/CbbD0eDtZzCs9yEW4cj3OEKU=,37A0CbMP93TYalqD5OvUa8GsmI8=
13,-10,69mvo4ndUPOsWvaPJ+iL6qimfkc=,P3OKk5zouQSewlUjSgmFW/qDwgs=
13,-11,69mvo4ndUPOsWvaPJ+iL6qimfkc=,8bGpF1EDzZJG6mhzeBRXw4lhCxo=
14,-10,69mvo4ndUPOsWvaPJ+iL6qimfkc=,P3OKk5zouQSewlUjSgmFW/qDwgs=
14,-11,69mvo4ndUPOsWvaPJ+iL6qimfkc=,Um1fku+OYopNnjWYsQq3PTvTqSc=
13,-13,Ax+a0uDkcpjNQ54cqyuidVg0MGI=,gkYfOHqFnNqvs8iyHOeGOkNixJ0=
13,-12,Ax+a0uDkcpjNQ54cqyuidVg0MGI=,8bGpF1EDzZJG6mhzeBRXw4lhCxo=
14,-12,Ax+a0uDkcpjNQ54cqyuidVg0MGI=,Um1fku+OYopNnjWYsQq3PTvTqSc=
14,-13,Ax+a0uDkcpjNQ54cqyuidVg0MGI=,37A0CbMP93TYalqD5OvUa8GsmI8=
15,-12,1m5sHIhIgr2pozcIDBB0FY1wCVQ=,Um1fku+OYopNnjWYsQq3PTvTqSc=
15,-13,1m5sHIhIgr2pozcIDBB0FY1wCVQ=,37A0CbMP93TYalqD5OvUa8GsmI8=
14,-14,1m5sHIhIgr2pozcIDBB0FY1wCVQ=,37A0CbMP93TYalqD5OvUa8GsmI8=
13,-15,1m5sHIhIgr2pozcIDBB0FY1wCVQ=,37A0CbMP93TYalqD5OvUa8GsmI8=
13,-14,1m5sHIhIgr2pozcIDBB0FY1wCVQ=,gkYfOHqFnNqvs8iyHOeGOkNixJ0=
15,-15,1m5sHIhIgr2pozcIDBB0FY1wCVQ=,37A0CbMP93TYalqD5OvUa8GsmI8=
14,-15,1m5sHIhIgr2pozcIDBB0FY1wCVQ=,37A0CbMP93TYalqD5OvUa8GsmI8=
15,-14,1m5sHIhIgr2pozcIDBB0FY1wCVQ=,37A0CbMP93TYalqD5OvUa8GsmI8=
13,-16,1m5sHIhIgr2pozcIDBB0FY1wCVQ=,37A0CbMP93TYalqD5OvUa8GsmI8=
11,-16,1m5sHIhIgr2pozcIDBB0FY1wCVQ=,37A0CbMP93TYalqD5OvUa8GsmI8=
14,-16,1m5sHIhIgr2pozcIDBB0FY1wCVQ=,37A0CbMP93TYalqD5OvUa8GsmI8=
12,-16,1m5sHIhIgr2pozcIDBB0FY1wCVQ=,37A0CbMP93TYalqD5OvUa8GsmI8=
0,-6,9GzO1miflXMo9H+UvfFrX/z3zJs=,4Yw+eSBog1KoO5szutgqNah11gY=
0,-5,9GzO1miflXMo9H+UvfFrX/z3zJs=,4Yw+eSBog1KoO5szutgqNah11gY=
0,-4,9GzO1miflXMo9H+UvfFrX/z3zJs=,tFqDk4AkINsMo58YlSH/QlXT8dU=
0,-7,9GzO1miflXMo9H+UvfFrX/z3zJs=,/BbShMfki1e1budsl6yadY1N3/s=
0,-13,lWldeb45VnM5Ne8uKCR9rnFv6wY=,afJcoSBUcsJ5b1xrQkezcyUJNs4=
0,-15,lWldeb45VnM5Ne8uKCR9rnFv6wY=,3QUobFEgVRlBna1eUYDPSRT570Y=
0,-12,lWldeb45VnM5Ne8uKCR9rnFv6wY=,Og+BuZos2i++s0Y/z9LfROccSFY=
0,-14,lWldeb45VnM5Ne8uKCR9rnFv6wY=,afJcoSBUcsJ5b1xrQkezcyUJNs4=
2,-16,lWldeb45VnM5Ne8uKCR9rnFv6wY=,pbccKVJX6FLRjyqKdLa7t4WpycM=
1,-16,lWldeb45VnM5Ne8uKCR9rnFv6wY=,3QUobFEgVRlBna1eUYDPSRT570Y=
4,-16,vicyuHUhC6BG6VUFVY/LqmrUaZ8=,kczIcZVvWyAvG7Ii3uWOqXNK6yM=
6,-16,vicyuHUhC6BG6VUFVY/LqmrUaZ8=,w/OoiiFdPOEx6v9jwQbGIDaltyE=
5,-16,vicyuHUhC6BG6VUFVY/LqmrUaZ8=,kczIcZVvWyAvG7Ii3uWOqXNK6yM=
3,-16,vicyuHUhC6BG6VUFVY/LqmrUaZ8=,pbccKVJX6FLRjyqKdLa7t4WpycM=
0,-8,VKBNCVC6Fq0CFVhfAf0KMok2qmA=,/BbShMfki1e1budsl6yadY1N3/s=
0,-11,VKBNCVC6Fq0CFVhfAf0KMok2qmA=,Og+BuZos2i++s0Y/z9LfROccSFY=
0,-9,VKBNCVC6Fq0CFVhfAf0KMok2qmA=,OJFj+SYTKUm2Ab8eeEtou8w1CZA=
0,-10,VKBNCVC6Fq0CFVhfAf0KMok2qmA=,OJFj+SYTKUm2Ab8eeEtou8w1CZA=
15,-16,VKBNCVC6Fq0CFVhfAf0KMok2qmA=,37A0CbMP93TYalqD5OvUa8GsmI8=
15,-11,VKBNCVC6Fq0CFVhfAf0KMok2qmA=,Um1fku+OYopNnjWYsQq3PTvTqSc=
15,-10,VKBNCVC6Fq0CFVhfAf0KMok2qmA=,P3OKk5zouQSewlUjSgmFW/qDwgs=
15,-6,PxIzUC4mpif0RT78em9j5FAEZXQ=,zB69phRaprjwAGixSp9hO8K/H40=
15,-7,PxIzUC4mpif0RT78em9j5FAEZXQ=,zB69phRaprjwAGixSp9hO8K/H40=
15,-8,PxIzUC4mpif0RT78em9j5FAEZXQ=,zB69phRaprjwAGixSp9hO8K/H40=
0,-16,PxIzUC4mpif0RT78em9j5FAEZXQ=,3QUobFEgVRlBna1eUYDPSRT570Y=
15,-9,PxIzUC4mpif0RT78em9j5FAEZXQ=,P3OKk5zouQSewlUjSgmFW/qDwgs=
15,-1,PxIzUC4mpif0RT78em9j5FAEZXQ=,KDk0JZg8he3ahuu6HldNf72m69U=
